측정일시,권역명,측정소명,미세먼지(㎍/㎥),초미세먼지(㎍/㎥)
20240101,동남권,강남구,24,20
20240101,동남권,강동구,21,16
20240101,동북권,강북구,20,16
20240101,서남권,강서구,29,20
20240101,서남권,관악구,34,25
20240101,동북권,광진구,20,13
20240101,서남권,구로구,31,25
20240101,서남권,금천구,31,22
20240101,동북권,노원구,25,20
20240101,동북권,도봉구,19,16
20240101,동북권,동대문구,24,18
20240101,서남권,동작구,27,21
20240101,서북권,마포구,24,23
20240101,서북권,서대문구,23,19
20240101,동남권,서초구,28,21
20240101,동북권,성동구,25,18
20240101,동북권,성북구,21,18
20240101,동남권,송파구,22,18
20240101,서남권,양천구,30,25
20240101,서남권,영등포구,26,22
20240101,도심권,용산구,23,16
20240101,서북권,은평구,23,17
20240101,도심권,종로구,23,20
20240101,도심권,중구,19,21
20240101,동북권,중랑구,22,16
20240102,동남권,강남구,41,29
20240102,동남권,강동구,38,30
20240102,동북권,강북구,34,25
20240102,서남권,강서구,43,26
20240102,서남권,관악구,44,28
20240102,동북권,광진구,37,26
20240102,서남권,구로구,44,29
20240102,서남권,금천구,45,34
20240102,동북권,노원구,40,29
20240102,동북권,도봉구,31,25
20240102,동북권,동대문구,39,27
20240102,서남권,동작구,44,32
20240102,서북권,마포구,39,30
20240102,서북권,서대문구,38,30
20240102,동남권,서초구,42,29
20240102,동북권,성동구,38,26
20240102,동북권,성북구,37,27
20240102,동남권,송파구,41,29
20240102,서남권,양천구,43,33
20240102,서남권,영등포구,38,30
20240102,도심권,용산구,40,26
20240102,서북권,은평구,39,28
20240102,도심권,종로구,41,32
20240102,도심권,중구,34,29
20240102,동북권,중랑구,35,28
20240103,동남권,강남구,44,31
20240103,동남권,강동구,41,30
20240103,동북권,강북구,36,25
20240103,서남권,강서구,46,28
20240103,서남권,관악구,49,30
20240103,동북권,광진구,39,26
20240103,서남권,구로구,49,33
20240103,서남권,금천구,45,34
20240103,동북권,노원구,44,29
20240103,동북권,도봉구,36,28
20240103,동북권,동대문구,42,28
20240103,서남권,동작구,45,32
20240103,서북권,마포구,39,30
20240103,서북권,서대문구,39,30
20240103,동남권,서초구,46,31
20240103,동북권,성동구,41,27
20240103,동북권,성북구,39,28
20240103,동남권,송파구,41,29
20240103,서남권,양천구,46,33
20240103,서남권,영등포구,40,30
20240103,도심권,용산구,41,26
20240103,서북권,은평구,42,30
20240103,도심권,종로구,44,31
20240103,도심권,중구,37,30
20240103,동북권,중랑구,36,28
20240104,동남권,강남구,53,36
20240104,동남권,강동구,56,42
20240104,동북권,강북구,54,37
20240104,서남권,강서구,53,30
20240104,서남권,관악구,52,32
20240104,동북권,광진구,51,33
20240104,서남권,구로구,54,35
20240104,서남권,금천구,49,35
20240104,동북권,노원구,58,40
20240104,동북권,도봉구,51,39
20240104,동북권,동대문구,55,36
20240104,서남권,동작구,48,34
20240104,서북권,마포구,49,37
20240104,서북권,서대문구,49,37
20240104,동남권,서초구,51,34
20240104,동북권,성동구,53,34
20240104,동북권,성북구,54,39
20240104,동남권,송파구,50,36
20240104,서남권,양천구,52,37
20240104,서남권,영등포구,47,35
20240104,도심권,용산구,50,33
20240104,서북권,은평구,50,35
20240104,도심권,종로구,56,40
20240104,도심권,중구,49,39
20240104,동북권,중랑구,47,36
20240105,동남권,강남구,80,57
20240105,동남권,강동구,85,60
20240105,동북권,강북구,82,57
20240105,서남권,강서구,60,40
20240105,서남권,관악구,91,55
20240105,동북권,광진구,73,47
20240105,서남권,구로구,88,58
20240105,서남권,금천구,85,61
20240105,동북권,노원구,85,57
20240105,동북권,도봉구,77,59
20240105,동북권,동대문구,84,55
20240105,서남권,동작구,83,57
20240105,서북권,마포구,73,54
20240105,서북권,서대문구,79,59
20240105,동남권,서초구,92,61
20240105,동북권,성동구,81,49
20240105,동북권,성북구,87,58
20240105,동남권,송파구,74,49
20240105,서남권,양천구,81,57
20240105,서남권,영등포구,73,53
20240105,도심권,용산구,77,61
20240105,서북권,은평구,87,60
20240105,도심권,종로구,88,59
20240105,도심권,중구,74,56
20240105,동북권,중랑구,72,55
20240106,동남권,강남구,23,13
20240106,동남권,강동구,26,13
20240106,동북권,강북구,22,13
20240106,서남권,강서구,30,13
20240106,서남권,관악구,25,12
20240106,동북권,광진구,26,12
20240106,서남권,구로구,25,12
20240106,서남권,금천구,28,13
20240106,동북권,노원구,30,18
20240106,동북권,도봉구,19,14
20240106,동북권,동대문구,25,14
20240106,서남권,동작구,22,12
20240106,서북권,마포구,22,11
20240106,서북권,서대문구,23,15
20240106,동남권,서초구,36,9
20240106,동북권,성동구,23,12
20240106,동북권,성북구,24,14
20240106,동남권,송파구,25,12
20240106,서남권,양천구,25,13
20240106,서남권,영등포구,21,11
20240106,도심권,용산구,24,12
20240106,서북권,은평구,27,16
20240106,도심권,종로구,24,15
20240106,도심권,중구,19,13
20240106,동북권,중랑구,23,15
20240107,동남권,강남구,23,15
20240107,동남권,강동구,21,11
20240107,동북권,강북구,23,14
20240107,서남권,강서구,33,16
20240107,서남권,관악구,25,13
20240107,동북권,광진구,24,13
20240107,서남권,구로구,26,14
20240107,서남권,금천구,22,13
20240107,동북권,노원구,25,14
20240107,동북권,도봉구,20,14
20240107,동북권,동대문구,24,14
20240107,서남권,동작구,24,15
20240107,서북권,마포구,21,13
20240107,서북권,서대문구,23,15
20240107,동남권,서초구,,11
20240107,동북권,성동구,22,12
20240107,동북권,성북구,22,14
20240107,동남권,송파구,24,13
20240107,서남권,양천구,25,16
20240107,서남권,영등포구,21,13
20240107,도심권,용산구,24,13
20240107,서북권,은평구,25,14
20240107,도심권,종로구,24,16
20240107,도심권,중구,20,15
20240107,동북권,중랑구,21,14
20240108,동남권,강남구,23,14
20240108,동남권,강동구,22,11
20240108,동북권,강북구,23,13
20240108,서남권,강서구,24,10
20240108,서남권,관악구,24,12
20240108,동북권,광진구,23,12
20240108,서남권,구로구,27,13
20240108,서남권,금천구,24,15
20240108,동북권,노원구,28,14
20240108,동북권,도봉구,21,13
20240108,동북권,동대문구,22,13
20240108,서남권,동작구,23,14
20240108,서북권,마포구,19,11
20240108,서북권,서대문구,22,14
20240108,동남권,서초구,27,11
20240108,동북권,성동구,22,12
20240108,동북권,성북구,23,14
20240108,동남권,송파구,24,13
20240108,서남권,양천구,25,14
20240108,서남권,영등포구,22,14
20240108,도심권,용산구,23,12
20240108,서북권,은평구,23,11
20240108,도심권,종로구,23,16
20240108,도심권,중구,20,14
20240108,동북권,중랑구,21,14
20240109,동남권,강남구,33,25
20240109,동남권,강동구,31,23
20240109,동북권,강북구,34,26
20240109,서남권,강서구,34,23
20240109,서남권,관악구,36,23
20240109,동북권,광진구,30,22
20240109,서남권,구로구,40,28
20240109,서남권,금천구,34,26
20240109,동북권,노원구,37,28
20240109,동북권,도봉구,34,28
20240109,동북권,동대문구,36,25
20240109,서남권,동작구,37,28
20240109,서북권,마포구,26,27
20240109,서북권,서대문구,33,27
20240109,동남권,서초구,37,27
20240109,동북권,성동구,35,23
20240109,동북권,성북구,35,26
20240109,동남권,송파구,29,20
20240109,서남권,양천구,38,27
20240109,서남권,영등포구,34,27
20240109,도심권,용산구,29,19
20240109,서북권,은평구,36,27
20240109,도심권,종로구,37,31
20240109,도심권,중구,31,28
20240109,동북권,중랑구,31,24
20240110,동남권,강남구,69,56
20240110,동남권,강동구,66,56
20240110,동북권,강북구,65,49
20240110,서남권,강서구,80,54
20240110,서남권,관악구,74,54
20240110,동북권,광진구,59,47
20240110,서남권,구로구,78,61
20240110,서남권,금천구,74,67
20240110,동북권,노원구,77,61
20240110,동북권,도봉구,65,56
20240110,동북권,동대문구,70,54
20240110,서남권,동작구,72,60
20240110,서북권,마포구,64,59
20240110,서북권,서대문구,66,57
20240110,동남권,서초구,75,59
20240110,동북권,성동구,66,48
20240110,동북권,성북구,70,55
20240110,동남권,송파구,60,45
20240110,서남권,양천구,82,68
20240110,서남권,영등포구,68,60
20240110,도심권,용산구,59,45
20240110,서북권,은평구,67,54
20240110,도심권,종로구,71,65
20240110,도심권,중구,65,59
20240110,동북권,중랑구,61,53
20240111,동남권,강남구,65,51
20240111,동남권,강동구,64,52
20240111,동북권,강북구,67,51
20240111,서남권,강서구,73,53
20240111,서남권,관악구,64,45
20240111,동북권,광진구,66,57
20240111,서남권,구로구,67,50
20240111,서남권,금천구,67,57
20240111,동북권,노원구,71,56
20240111,동북권,도봉구,61,51
20240111,동북권,동대문구,65,49
20240111,서남권,동작구,64,51
20240111,서북권,마포구,52,50
20240111,서북권,서대문구,61,48
20240111,동남권,서초구,70,50
20240111,동북권,성동구,65,45
20240111,동북권,성북구,64,48
20240111,동남권,송파구,56,41
20240111,서남권,양천구,68,54
20240111,서남권,영등포구,57,50
20240111,도심권,용산구,55,40
20240111,서북권,은평구,62,48
20240111,도심권,종로구,68,59
20240111,도심권,중구,58,51
20240111,동북권,중랑구,58,50
20240112,동남권,강남구,55,36
20240112,동남권,강동구,56,35
20240112,동북권,강북구,52,34
20240112,서남권,강서구,54,29
20240112,서남권,관악구,58,34
20240112,동북권,광진구,25,10
20240112,서남권,구로구,60,37
20240112,서남권,금천구,56,38
20240112,동북권,노원구,58,38
20240112,동북권,도봉구,51,35
20240112,동북권,동대문구,54,34
20240112,서남권,동작구,59,39
20240112,서북권,마포구,51,36
20240112,서북권,서대문구,52,36
20240112,동남권,서초구,61,35
20240112,동북권,성동구,52,29
20240112,동북권,성북구,52,32
20240112,동남권,송파구,54,31
20240112,서남권,양천구,58,38
20240112,서남권,영등포구,52,36
20240112,도심권,용산구,52,30
20240112,서북권,은평구,54,33
20240112,도심권,종로구,55,41
20240112,도심권,중구,48,36
20240112,동북권,중랑구,46,35
20240113,동남권,강남구,25,13
20240113,동남권,강동구,26,11
20240113,동북권,강북구,24,14
20240113,서남권,강서구,21,9
20240113,서남권,관악구,27,13
20240113,동북권,광진구,26,11
20240113,서남권,구로구,28,13
20240113,서남권,금천구,25,13
20240113,동북권,노원구,28,15
20240113,동북권,도봉구,22,13
20240113,동북권,동대문구,27,13
20240113,서남권,동작구,22,12
20240113,서북권,마포구,24,13
20240113,서북권,서대문구,27,16
20240113,동남권,서초구,29,11
20240113,동북권,성동구,24,11
20240113,동북권,성북구,28,13
20240113,동남권,송파구,27,12
20240113,서남권,양천구,26,13
20240113,서남권,영등포구,22,13
20240113,도심권,용산구,29,13
20240113,서북권,은평구,24,10
20240113,도심권,종로구,26,16
20240113,도심권,중구,21,13
20240113,동북권,중랑구,20,12
20240114,동남권,강남구,32,23
20240114,동남권,강동구,32,22
20240114,동북권,강북구,32,24
20240114,서남권,강서구,33,19
20240114,서남권,관악구,35,22
20240114,동북권,광진구,30,21
20240114,서남권,구로구,36,23
20240114,서남권,금천구,32,22
20240114,동북권,노원구,37,27
20240114,동북권,도봉구,30,24
20240114,동북권,동대문구,35,24
20240114,서남권,동작구,34,24
20240114,서북권,마포구,31,24
20240114,서북권,서대문구,31,23
20240114,동남권,서초구,34,22
20240114,동북권,성동구,33,21
20240114,동북권,성북구,33,26
20240114,동남권,송파구,31,21
20240114,서남권,양천구,34,23
20240114,서남권,영등포구,31,23
20240114,도심권,용산구,33,21
20240114,서북권,은평구,31,21
20240114,도심권,종로구,34,29
20240114,도심권,중구,30,25
20240114,동북권,중랑구,30,23
20240115,동남권,강남구,23,12
20240115,동남권,강동구,21,7
20240115,동북권,강북구,19,11
20240115,서남권,강서구,23,6
20240115,서남권,관악구,23,9
20240115,동북권,광진구,24,10
20240115,서남권,구로구,25,7
20240115,서남권,금천구,22,8
20240115,동북권,노원구,23,11
20240115,동북권,도봉구,17,10
20240115,동북권,동대문구,22,11
20240115,서남권,동작구,23,10
20240115,서북권,마포구,21,8
20240115,서북권,서대문구,21,12
20240115,동남권,서초구,27,8
20240115,동북권,성동구,22,10
20240115,동북권,성북구,19,10
20240115,동남권,송파구,27,12
20240115,서남권,양천구,22,9
20240115,서남권,영등포구,20,9
20240115,도심권,용산구,25,10
20240115,서북권,은평구,22,10
20240115,도심권,종로구,22,14
20240115,도심권,중구,19,11
20240115,동북권,중랑구,19,10
20240116,동남권,강남구,32,19
20240116,동남권,강동구,30,16
20240116,동북권,강북구,27,17
20240116,서남권,강서구,29,11
20240116,서남권,관악구,36,20
20240116,동북권,광진구,29,15
20240116,서남권,구로구,42,19
20240116,서남권,금천구,34,20
20240116,동북권,노원구,34,21
20240116,동북권,도봉구,26,18
20240116,동북권,동대문구,32,16
20240116,서남권,동작구,34,21
20240116,서북권,마포구,30,18
20240116,서북권,서대문구,31,20
20240116,동남권,서초구,38,18
20240116,동북권,성동구,32,15
20240116,동북권,성북구,32,18
20240116,동남권,송파구,33,17
20240116,서남권,양천구,34,18
20240116,서남권,영등포구,30,18
20240116,도심권,용산구,33,16
20240116,서북권,은평구,27,13
20240116,도심권,종로구,32,22
20240116,도심권,중구,27,18
20240116,동북권,중랑구,24,16
20240117,동남권,강남구,36,27
20240117,동남권,강동구,35,28
20240117,동북권,강북구,34,27
20240117,서남권,강서구,46,22
20240117,서남권,관악구,40,26
20240117,동북권,광진구,30,22
20240117,서남권,구로구,40,29
20240117,서남권,금천구,44,28
20240117,동북권,노원구,44,33
20240117,동북권,도봉구,39,31
20240117,동북권,동대문구,38,27
20240117,서남권,동작구,41,32
20240117,서북권,마포구,33,26
20240117,서북권,서대문구,29,23
20240117,동남권,서초구,41,29
20240117,동북권,성동구,39,24
20240117,동북권,성북구,35,28
20240117,동남권,송파구,34,25
20240117,서남권,양천구,42,29
20240117,서남권,영등포구,37,29
20240117,도심권,용산구,32,22
20240117,서북권,은평구,30,18
20240117,도심권,종로구,37,31
20240117,도심권,중구,31,27
20240117,동북권,중랑구,33,27
20240118,동남권,강남구,27,20
20240118,동남권,강동구,23,20
20240118,동북권,강북구,25,21
20240118,서남권,강서구,30,22
20240118,서남권,관악구,25,18
20240118,동북권,광진구,23,17
20240118,서남권,구로구,29,21
20240118,서남권,금천구,24,21
20240118,동북권,노원구,27,21
20240118,동북권,도봉구,26,23
20240118,동북권,동대문구,27,20
20240118,서남권,동작구,26,20
20240118,서북권,마포구,23,21
20240118,서북권,서대문구,24,21
20240118,동남권,서초구,35,27
20240118,동북권,성동구,28,19
20240118,동북권,성북구,26,21
20240118,동남권,송파구,25,19
20240118,서남권,양천구,29,21
20240118,서남권,영등포구,27,23
20240118,도심권,용산구,23,17
20240118,서북권,은평구,17,11
20240118,도심권,종로구,26,23
20240118,도심권,중구,23,21
20240118,동북권,중랑구,23,18
20240119,동남권,강남구,13,9
20240119,동남권,강동구,8,3
20240119,동북권,강북구,12,8
20240119,서남권,강서구,16,8
20240119,서남권,관악구,16,8
20240119,동북권,광진구,12,7
20240119,서남권,구로구,14,7
20240119,서남권,금천구,13,7
20240119,동북권,노원구,14,9
20240119,동북권,도봉구,20,14
20240119,동북권,동대문구,14,7
20240119,서남권,동작구,16,9
20240119,서북권,마포구,14,8
20240119,서북권,서대문구,11,8
20240119,동남권,서초구,23,10
20240119,동북권,성동구,13,8
20240119,동북권,성북구,12,9
20240119,동남권,송파구,15,9
20240119,서남권,양천구,15,8
20240119,서남권,영등포구,15,11
20240119,도심권,용산구,17,10
20240119,서북권,은평구,15,10
20240119,도심권,종로구,13,9
20240119,도심권,중구,12,9
20240119,동북권,중랑구,11,7
20240120,동남권,강남구,4,2
20240120,동남권,강동구,3,1
20240120,동북권,강북구,3,1
20240120,서남권,강서구,5,1
20240120,서남권,관악구,7,2
20240120,동북권,광진구,4,1
20240120,서남권,구로구,6,1
20240120,서남권,금천구,4,1
20240120,동북권,노원구,5,2
20240120,동북권,도봉구,3,2
20240120,동북권,동대문구,5,1
20240120,서남권,동작구,6,2
20240120,서북권,마포구,5,2
20240120,서북권,서대문구,4,2
20240120,동남권,서초구,11,2
20240120,동북권,성동구,4,2
20240120,동북권,성북구,4,1
20240120,동남권,송파구,6,3
20240120,서남권,양천구,6,2
20240120,서남권,영등포구,7,3
20240120,도심권,용산구,5,1
20240120,서북권,은평구,5,2
20240120,도심권,종로구,4,2
20240120,도심권,중구,4,2
20240120,동북권,중랑구,4,2
20240121,동남권,강남구,13,9
20240121,동남권,강동구,10,7
20240121,동북권,강북구,13,10
20240121,서남권,강서구,8,4
20240121,서남권,관악구,15,9
20240121,동북권,광진구,12,8
20240121,서남권,구로구,15,9
20240121,서남권,금천구,13,9
20240121,동북권,노원구,15,11
20240121,동북권,도봉구,10,9
20240121,동북권,동대문구,13,9
20240121,서남권,동작구,13,9
20240121,서북권,마포구,14,10
20240121,서북권,서대문구,14,11
20240121,동남권,서초구,14,7
20240121,동북권,성동구,13,8
20240121,동북권,성북구,12,9
20240121,동남권,송파구,13,9
20240121,서남권,양천구,15,10
20240121,서남권,영등포구,13,9
20240121,도심권,용산구,13,9
20240121,서북권,은평구,15,9
20240121,도심권,종로구,13,11
20240121,도심권,중구,12,9
20240121,동북권,중랑구,12,8
20240122,동남권,강남구,30,21
20240122,동남권,강동구,25,17
20240122,동북권,강북구,49,24
20240122,서남권,강서구,32,18
20240122,서남권,관악구,32,19
20240122,동북권,광진구,30,20
20240122,서남권,구로구,28,17
20240122,서남권,금천구,28,18
20240122,동북권,노원구,37,27
20240122,동북권,도봉구,28,20
20240122,동북권,동대문구,32,20
20240122,서남권,동작구,44,21
20240122,서북권,마포구,27,18
20240122,서북권,서대문구,29,19
20240122,동남권,서초구,37,17
20240122,동북권,성동구,32,18
20240122,동북권,성북구,26,19
20240122,동남권,송파구,30,20
20240122,서남권,양천구,34,21
20240122,서남권,영등포구,27,19
20240122,도심권,용산구,30,21
20240122,서북권,은평구,28,18
20240122,도심권,종로구,33,25
20240122,도심권,중구,29,22
20240122,동북권,중랑구,27,21
20240123,동남권,강남구,20,13
20240123,동남권,강동구,18,8
20240123,동북권,강북구,23,13
20240123,서남권,강서구,22,9
20240123,서남권,관악구,22,11
20240123,동북권,광진구,19,11
20240123,서남권,구로구,23,9
20240123,서남권,금천구,22,15
20240123,동북권,노원구,26,15
20240123,동북권,도봉구,21,13
20240123,동북권,동대문구,20,11
20240123,서남권,동작구,23,14
20240123,서북권,마포구,20,12
20240123,서북권,서대문구,21,12
20240123,동남권,서초구,29,9
20240123,동북권,성동구,20,12
20240123,동북권,성북구,19,10
20240123,동남권,송파구,23,13
20240123,서남권,양천구,23,13
20240123,서남권,영등포구,19,11
20240123,도심권,용산구,22,12
20240123,서북권,은평구,23,9
20240123,도심권,종로구,22,16
20240123,도심권,중구,18,13
20240123,동북권,중랑구,20,13
20240124,동남권,강남구,22,12
20240124,동남권,강동구,19,6
20240124,동북권,강북구,22,11
20240124,서남권,강서구,24,9
20240124,서남권,관악구,23,11
20240124,동북권,광진구,20,11
20240124,서남권,구로구,26,9
20240124,서남권,금천구,21,11
20240124,동북권,노원구,24,14
20240124,동북권,도봉구,21,12
20240124,동북권,동대문구,21,11
20240124,서남권,동작구,23,12
20240124,서북권,마포구,24,12
20240124,서북권,서대문구,24,11
20240124,동남권,서초구,36,9
20240124,동북권,성동구,22,12
20240124,동북권,성북구,20,9
20240124,동남권,송파구,25,12
20240124,서남권,양천구,24,13
20240124,서남권,영등포구,21,11
20240124,도심권,용산구,25,11
20240124,서북권,은평구,26,9
20240124,도심권,종로구,23,14
20240124,도심권,중구,19,12
20240124,동북권,중랑구,19,11
20240125,동남권,강남구,21,13
20240125,동남권,강동구,23,10
20240125,동북권,강북구,21,13
20240125,서남권,강서구,21,9
20240125,서남권,관악구,22,12
20240125,동북권,광진구,20,12
20240125,서남권,구로구,24,10
20240125,서남권,금천구,21,13
20240125,동북권,노원구,26,15
20240125,동북권,도봉구,20,12
20240125,동북권,동대문구,21,13
20240125,서남권,동작구,21,13
20240125,서북권,마포구,20,13
20240125,서북권,서대문구,23,14
20240125,동남권,서초구,22,10
20240125,동북권,성동구,19,12
20240125,동북권,성북구,21,12
20240125,동남권,송파구,24,13
20240125,서남권,양천구,23,13
20240125,서남권,영등포구,20,12
20240125,도심권,용산구,23,13
20240125,서북권,은평구,22,11
20240125,도심권,종로구,23,17
20240125,도심권,중구,18,14
20240125,동북권,중랑구,21,14
20240126,동남권,강남구,34,23
20240126,동남권,강동구,38,25
20240126,동북권,강북구,33,23
20240126,서남권,강서구,26,13
20240126,서남권,관악구,38,23
20240126,동북권,광진구,31,21
20240126,서남권,구로구,40,24
20240126,서남권,금천구,35,25
20240126,동북권,노원구,37,24
20240126,동북권,도봉구,35,24
20240126,동북권,동대문구,34,21
20240126,서남권,동작구,34,23
20240126,서북권,마포구,30,24
20240126,서북권,서대문구,36,26
20240126,동남권,서초구,39,22
20240126,동북권,성동구,32,19
20240126,동북권,성북구,34,22
20240126,동남권,송파구,33,19
20240126,서남권,양천구,36,23
20240126,서남권,영등포구,31,23
20240126,도심권,용산구,31,20
20240126,서북권,은평구,33,21
20240126,도심권,종로구,34,27
20240126,도심권,중구,29,24
20240126,동북권,중랑구,31,22
20240127,동남권,강남구,53,39
20240127,동남권,강동구,59,45
20240127,동북권,강북구,49,36
20240127,서남권,강서구,53,31
20240127,서남권,관악구,54,36
20240127,동북권,광진구,48,36
20240127,서남권,구로구,56,38
20240127,서남권,금천구,48,40
20240127,동북권,노원구,57,43
20240127,동북권,도봉구,48,39
20240127,동북권,동대문구,52,38
20240127,서남권,동작구,52,39
20240127,서북권,마포구,46,40
20240127,서북권,서대문구,50,38
20240127,동남권,서초구,55,37
20240127,동북권,성동구,49,31
20240127,동북권,성북구,50,36
20240127,동남권,송파구,49,33
20240127,서남권,양천구,53,39
20240127,서남권,영등포구,47,37
20240127,도심권,용산구,46,33
20240127,서북권,은평구,49,34
20240127,도심권,종로구,51,42
20240127,도심권,중구,42,36
20240127,동북권,중랑구,48,38
20240128,동남권,강남구,29,20
20240128,동남권,강동구,35,25
20240128,동북권,강북구,33,25
20240128,서남권,강서구,31,16
20240128,서남권,관악구,33,20
20240128,동북권,광진구,30,21
20240128,서남권,구로구,31,19
20240128,서남권,금천구,30,22
20240128,동북권,노원구,42,35
20240128,동북권,도봉구,33,27
20240128,동북권,동대문구,32,21
20240128,서남권,동작구,30,21
20240128,서북권,마포구,26,18
20240128,서북권,서대문구,31,22
20240128,동남권,서초구,30,19
20240128,동북권,성동구,28,18
20240128,동북권,성북구,31,22
20240128,동남권,송파구,30,20
20240128,서남권,양천구,31,21
20240128,서남권,영등포구,26,19
20240128,도심권,용산구,28,19
20240128,서북권,은평구,31,20
20240128,도심권,종로구,30,25
20240128,도심권,중구,24,20
20240128,동북권,중랑구,32,25
20240129,동남권,강남구,44,33
20240129,동남권,강동구,46,32
20240129,동북권,강북구,41,31
20240129,서남권,강서구,49,29
20240129,서남권,관악구,46,31
20240129,동북권,광진구,39,28
20240129,서남권,구로구,49,34
20240129,서남권,금천구,45,34
20240129,동북권,노원구,48,35
20240129,동북권,도봉구,41,33
20240129,동북권,동대문구,43,29
20240129,서남권,동작구,45,33
20240129,서북권,마포구,40,33
20240129,서북권,서대문구,43,33
20240129,동남권,서초구,48,31
20240129,동북권,성동구,41,27
20240129,동북권,성북구,42,29
20240129,동남권,송파구,43,29
20240129,서남권,양천구,49,36
20240129,서남권,영등포구,41,33
20240129,도심권,용산구,41,29
20240129,서북권,은평구,43,29
20240129,도심권,종로구,44,37
20240129,도심권,중구,37,32
20240129,동북권,중랑구,39,31
20240130,동남권,강남구,58,41
20240130,동남권,강동구,57,41
20240130,동북권,강북구,52,37
20240130,서남권,강서구,64,38
20240130,서남권,관악구,65,45
20240130,동북권,광진구,48,35
20240130,서남권,구로구,69,46
20240130,서남권,금천구,65,50
20240130,동북권,노원구,62,49
20240130,동북권,도봉구,50,39
20240130,동북권,동대문구,57,39
20240130,서남권,동작구,62,48
20240130,서북권,마포구,55,44
20240130,서북권,서대문구,53,40
20240130,동남권,서초구,68,46
20240130,동북권,성동구,55,34
20240130,동북권,성북구,56,39
20240130,동남권,송파구,59,37
20240130,서남권,양천구,64,46
20240130,서남권,영등포구,54,41
20240130,도심권,용산구,55,39
20240130,서북권,은평구,53,36
20240130,도심권,종로구,58,49
20240130,도심권,중구,49,42
20240130,동북권,중랑구,46,36
20240131,동남권,강남구,55,39
20240131,동남권,강동구,53,39
20240131,동북권,강북구,56,41
20240131,서남권,강서구,69,41
20240131,서남권,관악구,62,42
20240131,동북권,광진구,49,36
20240131,서남권,구로구,65,45
20240131,서남권,금천구,62,47
20240131,동북권,노원구,59,43
20240131,동북권,도봉구,53,40
20240131,동북권,동대문구,55,38
20240131,서남권,동작구,59,44
20240131,서북권,마포구,54,43
20240131,서북권,서대문구,56,42
20240131,동남권,서초구,63,42
20240131,동북권,성동구,52,34
20240131,동북권,성북구,57,40
20240131,동남권,송파구,56,35
20240131,서남권,양천구,64,46
20240131,서남권,영등포구,56,42
20240131,도심권,용산구,52,38
20240131,서북권,은평구,59,41
20240131,도심권,종로구,57,47
20240131,도심권,중구,50,43
20240131,동북권,중랑구,47,39
20240201,동남권,강남구,77,56
20240201,동남권,강동구,75,57
20240201,동북권,강북구,79,60
20240201,서남권,강서구,102,64
20240201,서남권,관악구,87,60
20240201,동북권,광진구,64,47
20240201,서남권,구로구,92,67
20240201,서남권,금천구,91,74
20240201,동북권,노원구,86,66
20240201,동북권,도봉구,74,58
20240201,동북권,동대문구,76,55
20240201,서남권,동작구,87,66
20240201,서북권,마포구,78,66
20240201,서북권,서대문구,76,58
20240201,동남권,서초구,87,63
20240201,동북권,성동구,74,49
20240201,동북권,성북구,72,55
20240201,동남권,송파구,73,50
20240201,서남권,양천구,98,77
20240201,서남권,영등포구,82,65
20240201,도심권,용산구,75,56
20240201,서북권,은평구,85,61
20240201,도심권,종로구,79,67
20240201,도심권,중구,70,58
20240201,동북권,중랑구,65,53
20240202,동남권,강남구,43,31
20240202,동남권,강동구,40,30
20240202,동북권,강북구,33,24
20240202,서남권,강서구,58,34
20240202,서남권,관악구,61,42
20240202,동북권,광진구,35,26
20240202,서남권,구로구,68,46
20240202,서남권,금천구,69,54
20240202,동북권,노원구,35,27
20240202,동북권,도봉구,34,26
20240202,동북권,동대문구,38,26
20240202,서남권,동작구,50,38
20240202,서북권,마포구,44,35
20240202,서북권,서대문구,40,30
20240202,동남권,서초구,52,35
20240202,동북권,성동구,39,26
20240202,동북권,성북구,36,26
20240202,동남권,송파구,41,27
20240202,서남권,양천구,64,47
20240202,서남권,영등포구,54,42
20240202,도심권,용산구,41,29
20240202,서북권,은평구,43,30
20240202,도심권,종로구,40,33
20240202,도심권,중구,36,30
20240202,동북권,중랑구,31,24
20240203,동남권,강남구,33,23
20240203,동남권,강동구,30,21
20240203,동북권,강북구,27,21
20240203,서남권,강서구,63,40
20240203,서남권,관악구,43,28
20240203,동북권,광진구,26,19
20240203,서남권,구로구,42,30
20240203,서남권,금천구,42,33
20240203,동북권,노원구,35,27
20240203,동북권,도봉구,32,25
20240203,동북권,동대문구,34,24
20240203,서남권,동작구,39,29
20240203,서북권,마포구,37,30
20240203,서북권,서대문구,31,24
20240203,동남권,서초구,41,28
20240203,동북권,성동구,33,21
20240203,동북권,성북구,32,23
20240203,동남권,송파구,35,23
20240203,서남권,양천구,43,30
20240203,서남권,영등포구,38,30
20240203,도심권,용산구,33,23
20240203,서북권,은평구,36,26
20240203,도심권,종로구,33,28
20240203,도심권,중구,29,24
20240203,동북권,중랑구,26,20
20240204,동남권,강남구,19,14
20240204,동남권,강동구,15,11
20240204,동북권,강북구,23,18
20240204,서남권,강서구,33,20
20240204,서남권,관악구,27,18
20240204,동북권,광진구,16,11
20240204,서남권,구로구,27,19
20240204,서남권,금천구,23,17
20240204,동북권,노원구,25,18
20240204,동북권,도봉구,22,18
20240204,동북권,동대문구,21,15
20240204,서남권,동작구,24,18
20240204,서북권,마포구,26,21
20240204,서북권,서대문구,24,20
20240204,동남권,서초구,26,19
20240204,동북권,성동구,19,12
20240204,동북권,성북구,21,15
20240204,동남권,송파구,19,12
20240204,서남권,양천구,28,19
20240204,서남권,영등포구,26,20
20240204,도심권,용산구,19,13
20240204,서북권,은평구,27,20
20240204,도심권,종로구,23,18
20240204,도심권,중구,21,17
20240204,동북권,중랑구,19,13
20240205,동남권,강남구,5,3
20240205,동남권,강동구,3,1
20240205,동북권,강북구,5,3
20240205,서남권,강서구,6,2
20240205,서남권,관악구,8,3
20240205,동북권,광진구,5,3
20240205,서남권,구로구,7,3
20240205,서남권,금천구,5,2
20240205,동북권,노원구,5,2
20240205,동북권,도봉구,6,4
20240205,동북권,동대문구,6,2
20240205,서남권,동작구,7,3
20240205,서북권,마포구,6,3
20240205,서북권,서대문구,5,5
20240205,동남권,서초구,6,4
20240205,동북권,성동구,6,3
20240205,동북권,성북구,6,3
20240205,동남권,송파구,6,3
20240205,서남권,양천구,7,3
20240205,서남권,영등포구,8,4
20240205,도심권,용산구,6,3
20240205,서북권,은평구,5,2
20240205,도심권,종로구,6,3
20240205,도심권,중구,5,4
20240205,동북권,중랑구,6,3
20240206,동남권,강남구,13,10
20240206,동남권,강동구,3,1
20240206,동북권,강북구,11,10
20240206,서남권,강서구,18,10
20240206,서남권,관악구,19,11
20240206,동북권,광진구,11,8
20240206,서남권,구로구,18,12
20240206,서남권,금천구,15,11
20240206,동북권,노원구,10,8
20240206,동북권,도봉구,9,8
20240206,동북권,동대문구,13,8
20240206,서남권,동작구,16,11
20240206,서북권,마포구,15,10
20240206,서북권,서대문구,20,15
20240206,동남권,서초구,16,11
20240206,동북권,성동구,13,8
20240206,동북권,성북구,14,9
20240206,동남권,송파구,7,4
20240206,서남권,양천구,18,12
20240206,서남권,영등포구,15,12
20240206,도심권,용산구,15,9
20240206,서북권,은평구,16,10
20240206,도심권,종로구,14,12
20240206,도심권,중구,11,10
20240206,동북권,중랑구,13,9
20240207,동남권,강남구,35,29
20240207,동남권,강동구,30,23
20240207,동북권,강북구,26,21
20240207,서남권,강서구,37,24
20240207,서남권,관악구,38,27
20240207,동북권,광진구,31,24
20240207,서남권,구로구,37,26
20240207,서남권,금천구,36,30
20240207,동북권,노원구,36,31
20240207,동북권,도봉구,24,20
20240207,동북권,동대문구,31,25
20240207,서남권,동작구,37,30
20240207,서북권,마포구,33,27
20240207,서북권,서대문구,32,30
20240207,동남권,서초구,36,27
20240207,동북권,성동구,32,24
20240207,동북권,성북구,26,22
20240207,동남권,송파구,34,26
20240207,서남권,양천구,36,30
20240207,서남권,영등포구,33,28
20240207,도심권,용산구,34,27
20240207,서북권,은평구,33,25
20240207,도심권,종로구,33,31
20240207,도심권,중구,29,27
20240207,동북권,중랑구,27,23
20240208,동남권,강남구,40,31
20240208,동남권,강동구,39,30
20240208,동북권,강북구,36,29
20240208,서남권,강서구,45,29
20240208,서남권,관악구,42,31
20240208,동북권,광진구,36,29
20240208,서남권,구로구,47,32
20240208,서남권,금천구,41,33
20240208,동북권,노원구,39,34
20240208,동북권,도봉구,35,29
20240208,동북권,동대문구,38,28
20240208,서남권,동작구,41,33
20240208,서북권,마포구,38,31
20240208,서북권,서대문구,38,32
20240208,동남권,서초구,44,32
20240208,동북권,성동구,38,27
20240208,동북권,성북구,37,30
20240208,동남권,송파구,41,31
20240208,서남권,양천구,42,35
20240208,서남권,영등포구,38,33
20240208,도심권,용산구,39,30
20240208,서북권,은평구,37,26
20240208,도심권,종로구,40,36
20240208,도심권,중구,34,31
20240208,동북권,중랑구,36,32
20240209,동남권,강남구,33,24
20240209,동남권,강동구,35,25
20240209,동북권,강북구,35,26
20240209,서남권,강서구,45,30
20240209,서남권,관악구,38,26
20240209,동북권,광진구,33,26
20240209,서남권,구로구,37,23
20240209,서남권,금천구,32,24
20240209,동북권,노원구,42,37
20240209,동북권,도봉구,31,26
20240209,동북권,동대문구,37,26
20240209,서남권,동작구,33,24
20240209,서북권,마포구,33,25
20240209,서북권,서대문구,33,29
20240209,동남권,서초구,34,23
20240209,동북권,성동구,33,22
20240209,동북권,성북구,33,25
20240209,동남권,송파구,33,23
20240209,서남권,양천구,37,28
20240209,서남권,영등포구,31,25
20240209,도심권,용산구,34,24
20240209,서북권,은평구,32,22
20240209,도심권,종로구,34,30
20240209,도심권,중구,29,25
20240209,동북권,중랑구,32,28
20240210,동남권,강남구,47,35
20240210,동남권,강동구,45,36
20240210,동북권,강북구,49,37
20240210,서남권,강서구,51,33
20240210,서남권,관악구,51,35
20240210,동북권,광진구,42,35
20240210,서남권,구로구,52,36
20240210,서남권,금천구,50,39
20240210,동북권,노원구,51,44
20240210,동북권,도봉구,45,37
20240210,동북권,동대문구,39,36
20240210,서남권,동작구,50,39
20240210,서북권,마포구,45,37
20240210,서북권,서대문구,48,42
20240210,동남권,서초구,50,36
20240210,동북권,성동구,44,31
20240210,동북권,성북구,46,37
20240210,동남권,송파구,43,31
20240210,서남권,양천구,49,39
20240210,서남권,영등포구,44,37
20240210,도심권,용산구,46,34
20240210,서북권,은평구,48,35
20240210,도심권,종로구,48,43
20240210,도심권,중구,41,37
20240210,동북권,중랑구,42,37
20240211,동남권,강남구,62,48
20240211,동남권,강동구,60,50
20240211,동북권,강북구,63,50
20240211,서남권,강서구,51,33
20240211,서남권,관악구,68,51
20240211,동북권,광진구,58,49
20240211,서남권,구로구,64,46
20240211,서남권,금천구,64,52
20240211,동북권,노원구,69,61
20240211,동북권,도봉구,55,48
20240211,동북권,동대문구,89,52
20240211,서남권,동작구,62,49
20240211,서북권,마포구,60,49
20240211,서북권,서대문구,66,55
20240211,동남권,서초구,59,45
20240211,동북권,성동구,59,43
20240211,동북권,성북구,59,50
20240211,동남권,송파구,62,49
20240211,서남권,양천구,61,49
20240211,서남권,영등포구,59,48
20240211,도심권,용산구,63,50
20240211,서북권,은평구,65,49
20240211,도심권,종로구,68,63
20240211,도심권,중구,58,52
20240211,동북권,중랑구,59,54
20240212,동남권,강남구,67,51
20240212,동남권,강동구,68,54
20240212,동북권,강북구,60,43
20240212,서남권,강서구,67,42
20240212,서남권,관악구,61,41
20240212,동북권,광진구,62,51
20240212,서남권,구로구,62,41
20240212,서남권,금천구,62,47
20240212,동북권,노원구,66,55
20240212,동북권,도봉구,55,45
20240212,동북권,동대문구,70,50
20240212,서남권,동작구,58,42
20240212,서북권,마포구,64,51
20240212,서북권,서대문구,58,47
20240212,동남권,서초구,59,44
20240212,동북권,성동구,64,44
20240212,동북권,성북구,59,45
20240212,동남권,송파구,63,46
20240212,서남권,양천구,63,48
20240212,서남권,영등포구,59,48
20240212,도심권,용산구,66,50
20240212,서북권,은평구,58,39
20240212,도심권,종로구,67,59
20240212,도심권,중구,57,48
20240212,동북권,중랑구,61,53
20240213,동남권,강남구,66,41
20240213,동남권,강동구,61,40
20240213,동북권,강북구,67,43
20240213,서남권,강서구,75,39
20240213,서남권,관악구,76,43
20240213,동북권,광진구,60,40
20240213,서남권,구로구,73,40
20240213,서남권,금천구,68,43
20240213,동북권,노원구,72,53
20240213,동북권,도봉구,62,43
20240213,동북권,동대문구,69,43
20240213,서남권,동작구,69,43
20240213,서북권,마포구,82,55
20240213,서북권,서대문구,67,44
20240213,동남권,서초구,75,39
20240213,동북권,성동구,67,40
20240213,동북권,성북구,65,43
20240213,동남권,송파구,65,41
20240213,서남권,양천구,72,44
20240213,서남권,영등포구,69,48
20240213,도심권,용산구,67,41
20240213,서북권,은평구,90,53
20240213,도심권,종로구,68,52
20240213,도심권,중구,59,42
20240213,동북권,중랑구,55,43
20240214,동남권,강남구,49,30
20240214,동남권,강동구,46,28
20240214,동북권,강북구,44,25
20240214,서남권,강서구,45,23
20240214,서남권,관악구,47,25
20240214,동북권,광진구,45,28
20240214,서남권,구로구,45,24
20240214,서남권,금천구,36,19
20240214,동북권,노원구,51,36
20240214,동북권,도봉구,43,28
20240214,동북권,동대문구,54,31
20240214,서남권,동작구,43,25
20240214,서북권,마포구,49,33
20240214,서북권,서대문구,41,29
20240214,동남권,서초구,54,29
20240214,동북권,성동구,39,21
20240214,동북권,성북구,46,28
20240214,동남권,송파구,47,29
20240214,서남권,양천구,48,27
20240214,서남권,영등포구,42,28
20240214,도심권,용산구,49,29
20240214,서북권,은평구,44,27
20240214,도심권,종로구,52,35
20240214,도심권,중구,44,29
20240214,동북권,중랑구,40,30
20240215,동남권,강남구,23,16
20240215,동남권,강동구,21,14
20240215,동북권,강북구,20,14
20240215,서남권,강서구,21,12
20240215,서남권,관악구,20,13
20240215,동북권,광진구,23,17
20240215,서남권,구로구,22,12
20240215,서남권,금천구,24,17
20240215,동북권,노원구,25,18
20240215,동북권,도봉구,18,15
20240215,동북권,동대문구,23,15
20240215,서남권,동작구,21,13
20240215,서북권,마포구,20,14
20240215,서북권,서대문구,23,20
20240215,동남권,서초구,23,15
20240215,동북권,성동구,21,15
20240215,동북권,성북구,20,15
20240215,동남권,송파구,24,18
20240215,서남권,양천구,22,13
20240215,서남권,영등포구,21,15
20240215,도심권,용산구,22,15
20240215,서북권,은평구,24,16
20240215,도심권,종로구,23,18
20240215,도심권,중구,18,14
20240215,동북권,중랑구,22,18
20240216,동남권,강남구,24,16
20240216,동남권,강동구,11,6
20240216,동북권,강북구,27,18
20240216,서남권,강서구,24,11
20240216,서남권,관악구,31,18
20240216,동북권,광진구,12,8
20240216,서남권,구로구,33,16
20240216,서남권,금천구,28,19
20240216,동북권,노원구,28,20
20240216,동북권,도봉구,27,20
20240216,동북권,동대문구,26,16
20240216,서남권,동작구,27,18
20240216,서북권,마포구,26,17
20240216,서북권,서대문구,31,25
20240216,동남권,서초구,33,19
20240216,동북권,성동구,24,15
20240216,동북권,성북구,17,15
20240216,동남권,송파구,24,15
20240216,서남권,양천구,30,18
20240216,서남권,영등포구,27,19
20240216,도심권,용산구,37,23
20240216,서북권,은평구,30,20
20240216,도심권,종로구,25,20
20240216,도심권,중구,23,19
20240216,동북권,중랑구,21,16
20240217,동남권,강남구,41,28
20240217,동남권,강동구,39,28
20240217,동북권,강북구,43,30
20240217,서남권,강서구,44,28
20240217,서남권,관악구,47,32
20240217,동북권,광진구,35,26
20240217,서남권,구로구,52,33
20240217,서남권,금천구,42,31
20240217,동북권,노원구,49,38
20240217,동북권,도봉구,44,35
20240217,동북권,동대문구,44,30
20240217,서남권,동작구,43,31
20240217,서북권,마포구,42,33
20240217,서북권,서대문구,44,35
20240217,동남권,서초구,57,35
20240217,동북권,성동구,40,25
20240217,동북권,성북구,43,29
20240217,동남권,송파구,41,26
20240217,서남권,양천구,47,34
20240217,서남권,영등포구,43,35
20240217,도심권,용산구,40,26
20240217,서북권,은평구,43,31
20240217,도심권,종로구,43,35
20240217,도심권,중구,38,32
20240217,동북권,중랑구,37,30
20240218,동남권,강남구,32,22
20240218,동남권,강동구,31,22
20240218,동북권,강북구,34,23
20240218,서남권,강서구,37,24
20240218,서남권,관악구,39,25
20240218,동북권,광진구,28,20
20240218,서남권,구로구,42,25
20240218,서남권,금천구,33,23
20240218,동북권,노원구,40,33
20240218,동북권,도봉구,35,30
20240218,동북권,동대문구,40,28
20240218,서남권,동작구,38,26
20240218,서북권,마포구,33,28
20240218,서북권,서대문구,32,26
20240218,동남권,서초구,42,27
20240218,동북권,성동구,37,23
20240218,동북권,성북구,37,26
20240218,동남권,송파구,34,22
20240218,서남권,양천구,40,26
20240218,서남권,영등포구,37,30
20240218,도심권,용산구,33,22
20240218,서북권,은평구,25,17
20240218,도심권,종로구,37,30
20240218,도심권,중구,35,30
20240218,동북권,중랑구,28,23
20240219,동남권,강남구,14,9
20240219,동남권,강동구,11,7
20240219,동북권,강북구,13,5
20240219,서남권,강서구,15,8
20240219,서남권,관악구,17,9
20240219,동북권,광진구,13,8
20240219,서남권,구로구,16,7
20240219,서남권,금천구,14,7
20240219,동북권,노원구,14,10
20240219,동북권,도봉구,11,8
20240219,동북권,동대문구,14,8
20240219,서남권,동작구,15,8
20240219,서북권,마포구,14,9
20240219,서북권,서대문구,16,15
20240219,동남권,서초구,18,8
20240219,동북권,성동구,13,7
20240219,동북권,성북구,13,8
20240219,동남권,송파구,13,8
20240219,서남권,양천구,15,7
20240219,서남권,영등포구,14,9
20240219,도심권,용산구,13,7
20240219,서북권,은평구,15,11
20240219,도심권,종로구,13,9
20240219,도심권,중구,12,8
20240219,동북권,중랑구,13,9
20240220,동남권,강남구,26,15
20240220,동남권,강동구,21,12
20240220,동북권,강북구,24,14
20240220,서남권,강서구,32,14
20240220,서남권,관악구,32,16
20240220,동북권,광진구,22,13
20240220,서남권,구로구,30,14
20240220,서남권,금천구,29,15
20240220,동북권,노원구,30,20
20240220,동북권,도봉구,27,17
20240220,동북권,동대문구,26,14
20240220,서남권,동작구,30,16
20240220,서북권,마포구,29,16
20240220,서북권,서대문구,31,19
20240220,동남권,서초구,32,15
20240220,동북권,성동구,25,13
20240220,동북권,성북구,25,16
20240220,동남권,송파구,26,14
20240220,서남권,양천구,31,16
20240220,서남권,영등포구,30,19
20240220,도심권,용산구,29,15
20240220,서북권,은평구,27,15
20240220,도심권,종로구,27,17
20240220,도심권,중구,22,14
20240220,동북권,중랑구,23,16
20240221,동남권,강남구,3,1
20240221,동남권,강동구,3,1
20240221,동북권,강북구,3,1
20240221,서남권,강서구,4,1
20240221,서남권,관악구,5,1
20240221,동북권,광진구,3,1
20240221,서남권,구로구,5,1
20240221,서남권,금천구,3,1
20240221,동북권,노원구,4,1
20240221,동북권,도봉구,4,2
20240221,동북권,동대문구,4,1
20240221,서남권,동작구,4,1
20240221,서북권,마포구,3,1
20240221,서북권,서대문구,5,5
20240221,동남권,서초구,6,1
20240221,동북권,성동구,4,2
20240221,동북권,성북구,3,1
20240221,동남권,송파구,4,1
20240221,서남권,양천구,4,1
20240221,서남권,영등포구,5,3
20240221,도심권,용산구,3,1
20240221,서북권,은평구,4,1
20240221,도심권,종로구,3,1
20240221,도심권,중구,3,2
20240221,동북권,중랑구,3,1
20240222,동남권,강남구,5,2
20240222,동남권,강동구,4,1
20240222,동북권,강북구,4,2
20240222,서남권,강서구,5,2
20240222,서남권,관악구,7,3
20240222,동북권,광진구,5,2
20240222,서남권,구로구,7,1
20240222,서남권,금천구,4,1
20240222,동북권,노원구,5,2
20240222,동북권,도봉구,5,4
20240222,동북권,동대문구,6,2
20240222,서남권,동작구,7,3
20240222,서북권,마포구,6,3
20240222,서북권,서대문구,7,7
20240222,동남권,서초구,6,2
20240222,동북권,성동구,6,2
20240222,동북권,성북구,5,2
20240222,동남권,송파구,6,3
20240222,서남권,양천구,6,2
20240222,서남권,영등포구,7,3
20240222,도심권,용산구,5,2
20240222,서북권,은평구,5,2
20240222,도심권,종로구,4,3
20240222,도심권,중구,5,4
20240222,동북권,중랑구,7,2
20240223,동남권,강남구,8,4
20240223,동남권,강동구,5,1
20240223,동북권,강북구,8,4
20240223,서남권,강서구,10,4
20240223,서남권,관악구,11,5
20240223,동북권,광진구,5,2
20240223,서남권,구로구,9,2
20240223,서남권,금천구,7,3
20240223,동북권,노원구,11,7
20240223,동북권,도봉구,9,5
20240223,동북권,동대문구,,4
20240223,서남권,동작구,10,5
20240223,서북권,마포구,11,5
20240223,서북권,서대문구,10,9
20240223,동남권,서초구,10,3
20240223,동북권,성동구,9,5
20240223,동북권,성북구,8,5
20240223,동남권,송파구,10,5
20240223,서남권,양천구,10,4
20240223,서남권,영등포구,13,6
20240223,도심권,용산구,9,4
20240223,서북권,은평구,8,4
20240223,도심권,종로구,8,6
20240223,도심권,중구,9,7
20240223,동북권,중랑구,7,3
20240224,동남권,강남구,13,7
20240224,동남권,강동구,9,3
20240224,동북권,강북구,13,7
20240224,서남권,강서구,14,6
20240224,서남권,관악구,16,8
20240224,동북권,광진구,12,7
20240224,서남권,구로구,13,4
20240224,서남권,금천구,11,6
20240224,동북권,노원구,14,9
20240224,동북권,도봉구,12,8
20240224,동북권,동대문구,,6
20240224,서남권,동작구,14,8
20240224,서북권,마포구,14,8
20240224,서북권,서대문구,13,11
20240224,동남권,서초구,14,7
20240224,동북권,성동구,14,7
20240224,동북권,성북구,12,7
20240224,동남권,송파구,14,7
20240224,서남권,양천구,14,6
20240224,서남권,영등포구,15,9
20240224,도심권,용산구,14,7
20240224,서북권,은평구,13,6
20240224,도심권,종로구,13,10
20240224,도심권,중구,13,8
20240224,동북권,중랑구,12,7
20240225,동남권,강남구,15,10
20240225,동남권,강동구,8,5
20240225,동북권,강북구,12,10
20240225,서남권,강서구,16,10
20240225,서남권,관악구,18,13
20240225,동북권,광진구,11,8
20240225,서남권,구로구,18,10
20240225,서남권,금천구,15,11
20240225,동북권,노원구,14,12
20240225,동북권,도봉구,13,11
20240225,동북권,동대문구,16,10
20240225,서남권,동작구,17,12
20240225,서북권,마포구,16,12
20240225,서북권,서대문구,17,15
20240225,동남권,서초구,14,9
20240225,동북권,성동구,14,10
20240225,동북권,성북구,12,8
20240225,동남권,송파구,16,10
20240225,서남권,양천구,18,12
20240225,서남권,영등포구,16,12
20240225,도심권,용산구,16,11
20240225,서북권,은평구,15,11
20240225,도심권,종로구,14,12
20240225,도심권,중구,11,12
20240225,동북권,중랑구,12,8
20240226,동남권,강남구,25,16
20240226,동남권,강동구,16,8
20240226,동북권,강북구,33,22
20240226,서남권,강서구,37,19
20240226,서남권,관악구,32,19
20240226,동북권,광진구,21,13
20240226,서남권,구로구,31,15
20240226,서남권,금천구,28,19
20240226,동북권,노원구,37,27
20240226,동북권,도봉구,26,18
20240226,동북권,동대문구,31,18
20240226,서남권,동작구,29,18
20240226,서북권,마포구,34,23
20240226,서북권,서대문구,29,23
20240226,동남권,서초구,31,16
20240226,동북권,성동구,26,16
20240226,동북권,성북구,26,18
20240226,동남권,송파구,28,17
20240226,서남권,양천구,33,21
20240226,서남권,영등포구,31,22
20240226,도심권,용산구,30,17
20240226,서북권,은평구,27,17
20240226,도심권,종로구,29,23
20240226,도심권,중구,26,21
20240226,동북권,중랑구,23,16
20240227,동남권,강남구,15,7
20240227,동남권,강동구,9,2
20240227,동북권,강북구,16,9
20240227,서남권,강서구,19,7
20240227,서남권,관악구,21,10
20240227,동북권,광진구,16,8
20240227,서남권,구로구,18,4
20240227,서남권,금천구,16,8
20240227,동북권,노원구,20,11
20240227,동북권,도봉구,16,9
20240227,동북권,동대문구,19,9
20240227,서남권,동작구,19,10
20240227,서북권,마포구,19,10
20240227,서북권,서대문구,15,12
20240227,동남권,서초구,20,10
20240227,동북권,성동구,18,9
20240227,동북권,성북구,17,9
20240227,동남권,송파구,20,10
20240227,서남권,양천구,19,8
20240227,서남권,영등포구,20,10
20240227,도심권,용산구,19,9
20240227,서북권,은평구,18,9
20240227,도심권,종로구,17,12
20240227,도심권,중구,17,12
20240227,동북권,중랑구,15,10
20240228,동남권,강남구,33,18
20240228,동남권,강동구,31,14
20240228,동북권,강북구,30,16
20240228,서남권,강서구,33,15
20240228,서남권,관악구,35,17
20240228,동북권,광진구,29,14
20240228,서남권,구로구,33,13
20240228,서남권,금천구,33,17
20240228,동북권,노원구,32,18
20240228,동북권,도봉구,25,15
20240228,동북권,동대문구,34,18
20240228,서남권,동작구,33,17
20240228,서북권,마포구,32,17
20240228,서북권,서대문구,33,21
20240228,동남권,서초구,38,17
20240228,동북권,성동구,33,16
20240228,동북권,성북구,32,17
20240228,동남권,송파구,35,17
20240228,서남권,양천구,33,16
20240228,서남권,영등포구,31,18
20240228,도심권,용산구,35,16
20240228,서북권,은평구,33,18
20240228,도심권,종로구,32,21
20240228,도심권,중구,25,16
20240228,동북권,중랑구,27,16
20240229,동남권,강남구,56,35
20240229,동남권,강동구,57,35
20240229,동북권,강북구,51,32
20240229,서남권,강서구,60,32
20240229,서남권,관악구,58,34
20240229,동북권,광진구,51,35
20240229,서남권,구로구,62,33
20240229,서남권,금천구,54,35
20240229,동북권,노원구,59,40
20240229,동북권,도봉구,56,38
20240229,동북권,동대문구,58,36
20240229,서남권,동작구,54,34
20240229,서북권,마포구,54,35
20240229,서북권,서대문구,53,37
20240229,동남권,서초구,69,37
20240229,동북권,성동구,54,31
20240229,동북권,성북구,53,35
20240229,동남권,송파구,57,33
20240229,서남권,양천구,58,35
20240229,서남권,영등포구,53,37
20240229,도심권,용산구,55,32
20240229,서북권,은평구,53,33
20240229,도심권,종로구,53,39
20240229,도심권,중구,46,37
20240229,동북권,중랑구,48,38
20240301,동남권,강남구,34,11
20240301,동남권,강동구,34,7
20240301,동북권,강북구,35,11
20240301,서남권,강서구,37,9
20240301,서남권,관악구,37,10
20240301,동북권,광진구,34,12
20240301,서남권,구로구,41,7
20240301,서남권,금천구,34,9
20240301,동북권,노원구,37,15
20240301,동북권,도봉구,37,12
20240301,동북권,동대문구,37,11
20240301,서남권,동작구,36,11
20240301,서북권,마포구,34,10
20240301,서북권,서대문구,38,15
20240301,동남권,서초구,47,10
20240301,동북권,성동구,35,11
20240301,동북권,성북구,34,11
20240301,동남권,송파구,41,12
20240301,서남권,양천구,38,11
20240301,서남권,영등포구,32,11
20240301,도심권,용산구,39,11
20240301,서북권,은평구,41,11
20240301,도심권,종로구,36,15
20240301,도심권,중구,30,13
20240301,동북권,중랑구,28,12
20240302,동남권,강남구,30,12
20240302,동남권,강동구,32,9
20240302,동북권,강북구,37,15
20240302,서남권,강서구,37,12
20240302,서남권,관악구,37,14
20240302,동북권,광진구,31,12
20240302,서남권,구로구,39,11
20240302,서남권,금천구,33,13
20240302,동북권,노원구,39,19
20240302,동북권,도봉구,34,16
20240302,동북권,동대문구,37,13
20240302,서남권,동작구,33,13
20240302,서북권,마포구,35,15
20240302,서북권,서대문구,36,18
20240302,동남권,서초구,36,14
20240302,동북권,성동구,32,12
20240302,동북권,성북구,35,14
20240302,동남권,송파구,33,12
20240302,서남권,양천구,35,13
20240302,서남권,영등포구,31,14
20240302,도심권,용산구,36,12
20240302,서북권,은평구,38,15
20240302,도심권,종로구,33,16
20240302,도심권,중구,29,15
20240302,동북권,중랑구,29,15
20240303,동남권,강남구,112,62
20240303,동남권,강동구,120,68
20240303,동북권,강북구,112,57
20240303,서남권,강서구,119,59
20240303,서남권,관악구,123,67
20240303,동북권,광진구,101,61
20240303,서남권,구로구,129,69
20240303,서남권,금천구,114,69
20240303,동북권,노원구,113,67
20240303,동북권,도봉구,112,63
20240303,동북권,동대문구,118,66
20240303,서남권,동작구,114,65
20240303,서북권,마포구,104,64
20240303,서북권,서대문구,115,69
20240303,동남권,서초구,126,70
20240303,동북권,성동구,109,54
20240303,동북권,성북구,114,60
20240303,동남권,송파구,105,49
20240303,서남권,양천구,118,66
20240303,서남권,영등포구,104,67
20240303,도심권,용산구,110,55
20240303,서북권,은평구,117,67
20240303,도심권,종로구,113,72
20240303,도심권,중구,98,70
20240303,동북권,중랑구,92,64
20240304,동남권,강남구,73,38
20240304,동남권,강동구,82,45
20240304,동북권,강북구,56,28
20240304,서남권,강서구,73,31
20240304,서남권,관악구,80,40
20240304,동북권,광진구,67,37
20240304,서남권,구로구,85,39
20240304,서남권,금천구,85,49
20240304,동북권,노원구,59,33
20240304,동북권,도봉구,59,32
20240304,동북권,동대문구,70,34
20240304,서남권,동작구,79,43
20240304,서북권,마포구,70,39
20240304,서북권,서대문구,68,40
20240304,동남권,서초구,86,40
20240304,동북권,성동구,67,32
20240304,동북권,성북구,61,30
20240304,동남권,송파구,76,35
20240304,서남권,양천구,72,37
20240304,서남권,영등포구,67,40
20240304,도심권,용산구,73,35
20240304,서북권,은평구,68,35
20240304,도심권,종로구,68,41
20240304,도심권,중구,59,39
20240304,동북권,중랑구,52,34
20240305,동남권,강남구,43,21
20240305,동남권,강동구,39,18
20240305,동북권,강북구,38,20
20240305,서남권,강서구,50,21
20240305,서남권,관악구,48,23
20240305,동북권,광진구,36,18
20240305,서남권,구로구,53,21
20240305,서남권,금천구,47,25
20240305,동북권,노원구,42,25
20240305,동북권,도봉구,42,22
20240305,동북권,동대문구,43,21
20240305,서남권,동작구,47,23
20240305,서북권,마포구,45,24
20240305,서북권,서대문구,46,26
20240305,동남권,서초구,57,24
20240305,동북권,성동구,42,20
20240305,동북권,성북구,41,20
20240305,동남권,송파구,48,21
20240305,서남권,양천구,47,23
20240305,서남권,영등포구,46,27
20240305,도심권,용산구,43,21
20240305,서북권,은평구,47,24
20240305,도심권,종로구,39,23
20240305,도심권,중구,36,24
20240305,동북권,중랑구,33,21
20240306,동남권,강남구,13,7
20240306,동남권,강동구,9,3
20240306,동북권,강북구,12,7
20240306,서남권,강서구,17,7
20240306,서남권,관악구,16,8
20240306,동북권,광진구,11,5
20240306,서남권,구로구,17,5
20240306,서남권,금천구,12,6
20240306,동북권,노원구,15,9
20240306,동북권,도봉구,14,9
20240306,동북권,동대문구,15,7
20240306,서남권,동작구,14,7
20240306,서북권,마포구,16,8
20240306,서북권,서대문구,14,8
20240306,동남권,서초구,19,7
20240306,동북권,성동구,15,8
20240306,동북권,성북구,13,7
20240306,동남권,송파구,16,8
20240306,서남권,양천구,17,7
20240306,서남권,영등포구,17,10
20240306,도심권,용산구,14,7
20240306,서북권,은평구,14,7
20240306,도심권,종로구,12,8
20240306,도심권,중구,11,8
20240306,동북권,중랑구,12,7
20240307,동남권,강남구,30,18
20240307,동남권,강동구,24,13
20240307,동북권,강북구,26,16
20240307,서남권,강서구,32,16
20240307,서남권,관악구,34,18
20240307,동북권,광진구,27,16
20240307,서남권,구로구,37,15
20240307,서남권,금천구,32,19
20240307,동북권,노원구,29,19
20240307,동북권,도봉구,26,17
20240307,동북권,동대문구,30,17
20240307,서남권,동작구,30,20
20240307,서북권,마포구,30,18
20240307,서북권,서대문구,30,20
20240307,동남권,서초구,37,17
20240307,동북권,성동구,29,17
20240307,동북권,성북구,27,16
20240307,동남권,송파구,31,19
20240307,서남권,양천구,32,18
20240307,서남권,영등포구,28,19
20240307,도심권,용산구,32,19
20240307,서북권,은평구,32,18
20240307,도심권,종로구,29,20
20240307,도심권,중구,24,20
20240307,동북권,중랑구,24,17
20240308,동남권,강남구,41,22
20240308,동남권,강동구,38,19
20240308,동북권,강북구,38,20
20240308,서남권,강서구,47,20
20240308,서남권,관악구,48,24
20240308,동북권,광진구,38,22
20240308,서남권,구로구,53,21
20240308,서남권,금천구,44,24
20240308,동북권,노원구,40,22
20240308,동북권,도봉구,42,20
20240308,동북권,동대문구,42,22
20240308,서남권,동작구,44,25
20240308,서북권,마포구,40,22
20240308,서북권,서대문구,44,25
20240308,동남권,서초구,66,24
20240308,동북권,성동구,40,21
20240308,동북권,성북구,40,19
20240308,동남권,송파구,47,24
20240308,서남권,양천구,46,24
20240308,서남권,영등포구,41,24
20240308,도심권,용산구,46,23
20240308,서북권,은평구,44,22
20240308,도심권,종로구,41,25
20240308,도심권,중구,35,24
20240308,동북권,중랑구,33,21
20240309,동남권,강남구,31,17
20240309,동남권,강동구,31,16
20240309,동북권,강북구,31,18
20240309,서남권,강서구,35,15
20240309,서남권,관악구,36,19
20240309,동북권,광진구,30,17
20240309,서남권,구로구,37,14
20240309,서남권,금천구,35,18
20240309,동북권,노원구,36,21
20240309,동북권,도봉구,31,17
20240309,동북권,동대문구,33,17
20240309,서남권,동작구,32,19
20240309,서북권,마포구,32,18
20240309,서북권,서대문구,32,21
20240309,동남권,서초구,40,16
20240309,동북권,성동구,31,17
20240309,동북권,성북구,31,16
20240309,동남권,송파구,35,19
20240309,서남권,양천구,34,18
20240309,서남권,영등포구,30,18
20240309,도심권,용산구,35,18
20240309,서북권,은평구,33,17
20240309,도심권,종로구,32,20
20240309,도심권,중구,27,18
20240309,동북권,중랑구,28,18
20240310,동남권,강남구,28,17
20240310,동남권,강동구,30,17
20240310,동북권,강북구,27,16
20240310,서남권,강서구,30,13
20240310,서남권,관악구,32,17
20240310,동북권,광진구,28,18
20240310,서남권,구로구,32,14
20240310,서남권,금천구,,16
20240310,동북권,노원구,32,20
20240310,동북권,도봉구,28,18
20240310,동북권,동대문구,32,18
20240310,서남권,동작구,27,16
20240310,서북권,마포구,29,17
20240310,서북권,서대문구,31,21
20240310,동남권,서초구,34,16
20240310,동북권,성동구,28,17
20240310,동북권,성북구,30,17
20240310,동남권,송파구,29,17
20240310,서남권,양천구,29,16
20240310,서남권,영등포구,28,16
20240310,도심권,용산구,31,17
20240310,서북권,은평구,29,15
20240310,도심권,종로구,29,19
20240310,도심권,중구,24,19
20240310,동북권,중랑구,27,19
20240311,동남권,강남구,32,18
20240311,동남권,강동구,37,18
20240311,동북권,강북구,30,18
20240311,서남권,강서구,33,14
20240311,서남권,관악구,35,18
20240311,동북권,광진구,30,18
20240311,서남권,구로구,39,17
20240311,서남권,금천구,30,17
20240311,동북권,노원구,37,22
20240311,동북권,도봉구,33,23
20240311,동북권,동대문구,36,19
20240311,서남권,동작구,29,17
20240311,서북권,마포구,32,19
20240311,서북권,서대문구,35,23
20240311,동남권,서초구,55,22
20240311,동북권,성동구,32,16
20240311,동북권,성북구,35,19
20240311,동남권,송파구,32,17
20240311,서남권,양천구,32,16
20240311,서남권,영등포구,31,18
20240311,도심권,용산구,31,16
20240311,서북권,은평구,35,18
20240311,도심권,종로구,33,21
20240311,도심권,중구,28,21
20240311,동북권,중랑구,28,18
20240312,동남권,강남구,31,20
20240312,동남권,강동구,31,22
20240312,동북권,강북구,26,18
20240312,서남권,강서구,37,21
20240312,서남권,관악구,36,21
20240312,동북권,광진구,28,19
20240312,서남권,구로구,38,22
20240312,서남권,금천구,33,20
20240312,동북권,노원구,33,22
20240312,동북권,도봉구,34,25
20240312,동북권,동대문구,33,20
20240312,서남권,동작구,30,20
20240312,서북권,마포구,32,22
20240312,서북권,서대문구,33,25
20240312,동남권,서초구,42,26
20240312,동북권,성동구,31,19
20240312,동북권,성북구,32,20
20240312,동남권,송파구,28,17
20240312,서남권,양천구,36,22
20240312,서남권,영등포구,33,23
20240312,도심권,용산구,28,17
20240312,서북권,은평구,31,21
20240312,도심권,종로구,29,20
20240312,도심권,중구,25,20
20240312,동북권,중랑구,28,20
20240313,동남권,강남구,42,25
20240313,동남권,강동구,46,28
20240313,동북권,강북구,41,25
20240313,서남권,강서구,46,22
20240313,서남권,관악구,46,25
20240313,동북권,광진구,40,26
20240313,서남권,구로구,51,24
20240313,서남권,금천구,41,26
20240313,동북권,노원구,48,31
20240313,동북권,도봉구,43,27
20240313,동북권,동대문구,46,26
20240313,서남권,동작구,41,26
20240313,서북권,마포구,42,26
20240313,서북권,서대문구,35,26
20240313,동남권,서초구,57,28
20240313,동북권,성동구,43,24
20240313,동북권,성북구,47,26
20240313,동남권,송파구,44,25
20240313,서남권,양천구,44,25
20240313,서남권,영등포구,40,27
20240313,도심권,용산구,44,25
20240313,서북권,은평구,48,28
20240313,도심권,종로구,44,30
20240313,도심권,중구,37,30
20240313,동북권,중랑구,38,28
20240314,동남권,강남구,56,34
20240314,동남권,강동구,64,40
20240314,동북권,강북구,56,34
20240314,서남권,강서구,62,32
20240314,서남권,관악구,60,33
20240314,동북권,광진구,56,37
20240314,서남권,구로구,66,34
20240314,서남권,금천구,58,34
20240314,동북권,노원구,63,40
20240314,동북권,도봉구,62,40
20240314,동북권,동대문구,62,37
20240314,서남권,동작구,55,38
20240314,서북권,마포구,55,35
20240314,서북권,서대문구,70,41
20240314,동남권,서초구,71,38
20240314,동북권,성동구,58,33
20240314,동북권,성북구,62,35
20240314,동남권,송파구,57,33
20240314,서남권,양천구,59,36
20240314,서남권,영등포구,53,36
20240314,도심권,용산구,56,32
20240314,서북권,은평구,64,39
20240314,도심권,종로구,59,39
20240314,도심권,중구,50,39
20240314,동북권,중랑구,50,38
20240315,동남권,강남구,46,29
20240315,동남권,강동구,56,36
20240315,동북권,강북구,50,33
20240315,서남권,강서구,46,26
20240315,서남권,관악구,48,27
20240315,동북권,광진구,46,31
20240315,서남권,구로구,51,28
20240315,서남권,금천구,45,28
20240315,동북권,노원구,58,39
20240315,동북권,도봉구,57,40
20240315,동북권,동대문구,52,33
20240315,서남권,동작구,43,30
20240315,서북권,마포구,41,28
20240315,서북권,서대문구,52,39
20240315,동남권,서초구,60,35
20240315,동북권,성동구,47,28
20240315,동북권,성북구,53,33
20240315,동남권,송파구,45,25
20240315,서남권,양천구,46,28
20240315,서남권,영등포구,41,29
20240315,도심권,용산구,42,25
20240315,서북권,은평구,54,36
20240315,도심권,종로구,50,34
20240315,도심권,중구,42,35
20240315,동북권,중랑구,42,31
20240316,동남권,강남구,49,30
20240316,동남권,강동구,60,40
20240316,동북권,강북구,50,30
20240316,서남권,강서구,48,26
20240316,서남권,관악구,51,29
20240316,동북권,광진구,52,35
20240316,서남권,구로구,52,27
20240316,서남권,금천구,41,23
20240316,동북권,노원구,56,36
20240316,동북권,도봉구,56,38
20240316,동북권,동대문구,53,32
20240316,서남권,동작구,43,28
20240316,서북권,마포구,43,29
20240316,서북권,서대문구,52,35
20240316,동남권,서초구,61,35
20240316,동북권,성동구,52,31
20240316,동북권,성북구,52,39
20240316,동남권,송파구,47,24
20240316,서남권,양천구,46,27
20240316,서남권,영등포구,44,31
20240316,도심권,용산구,46,27
20240316,서북권,은평구,48,30
20240316,도심권,종로구,49,32
20240316,도심권,중구,42,34
20240316,동북권,중랑구,47,35
20240317,동남권,강남구,83,19
20240317,동남권,강동구,100,17
20240317,동북권,강북구,85,16
20240317,서남권,강서구,90,17
20240317,서남권,관악구,95,20
20240317,동북권,광진구,86,19
20240317,서남권,구로구,120,18
20240317,서남권,금천구,85,19
20240317,동북권,노원구,88,19
20240317,동북권,도봉구,105,19
20240317,동북권,동대문구,89,18
20240317,서남권,동작구,84,21
20240317,서북권,마포구,91,18
20240317,서북권,서대문구,110,24
20240317,동남권,서초구,135,22
20240317,동북권,성동구,84,19
20240317,동북권,성북구,101,
20240317,동남권,송파구,95,19
20240317,서남권,양천구,91,18
20240317,서남권,영등포구,78,18
20240317,도심권,용산구,103,20
20240317,서북권,은평구,114,22
20240317,도심권,종로구,90,20
20240317,도심권,중구,75,20
20240317,동북권,중랑구,65,19
20240318,동남권,강남구,21,9
20240318,동남권,강동구,19,3
20240318,동북권,강북구,16,6
20240318,서남권,강서구,22,6
20240318,서남권,관악구,24,9
20240318,동북권,광진구,21,7
20240318,서남권,구로구,27,5
20240318,서남권,금천구,19,7
20240318,동북권,노원구,20,8
20240318,동북권,도봉구,20,7
20240318,동북권,동대문구,19,7
20240318,서남권,동작구,19,8
20240318,서북권,마포구,21,8
20240318,서북권,서대문구,24,12
20240318,동남권,서초구,33,8
20240318,동북권,성동구,21,8
20240318,동북권,성북구,17,4
20240318,동남권,송파구,25,8
20240318,서남권,양천구,23,8
20240318,서남권,영등포구,20,9
20240318,도심권,용산구,23,8
20240318,서북권,은평구,21,8
20240318,도심권,종로구,18,7
20240318,도심권,중구,15,8
20240318,동북권,중랑구,17,7
20240319,동남권,강남구,47,26
20240319,동남권,강동구,50,24
20240319,동북권,강북구,40,22
20240319,서남권,강서구,50,24
20240319,서남권,관악구,51,25
20240319,동북권,광진구,47,25
20240319,서남권,구로구,56,25
20240319,서남권,금천구,46,25
20240319,동북권,노원구,51,28
20240319,동북권,도봉구,53,27
20240319,동북권,동대문구,44,23
20240319,서남권,동작구,45,27
20240319,서북권,마포구,46,24
20240319,서북권,서대문구,63,41
20240319,동남권,서초구,72,30
20240319,동북권,성동구,47,24
20240319,동북권,성북구,50,26
20240319,동남권,송파구,49,25
20240319,서남권,양천구,50,26
20240319,서남권,영등포구,44,26
20240319,도심권,용산구,50,25
20240319,서북권,은평구,56,28
20240319,도심권,종로구,48,27
20240319,도심권,중구,41,28
20240319,동북권,중랑구,41,25
20240320,동남권,강남구,36,23
20240320,동남권,강동구,33,18
20240320,동북권,강북구,36,25
20240320,서남권,강서구,40,21
20240320,서남권,관악구,40,23
20240320,동북권,광진구,36,23
20240320,서남권,구로구,43,19
20240320,서남권,금천구,38,23
20240320,동북권,노원구,39,26
20240320,동북권,도봉구,40,24
20240320,동북권,동대문구,38,22
20240320,서남권,동작구,38,25
20240320,서북권,마포구,38,22
20240320,서북권,서대문구,44,26
20240320,동남권,서초구,50,23
20240320,동북권,성동구,36,22
20240320,동북권,성북구,37,23
20240320,동남권,송파구,40,24
20240320,서남권,양천구,39,23
20240320,서남권,영등포구,34,24
20240320,도심권,용산구,40,24
20240320,서북권,은평구,40,22
20240320,도심권,종로구,38,26
20240320,도심권,중구,31,25
20240320,동북권,중랑구,33,23
20240321,동남권,강남구,32,20
20240321,동남권,강동구,34,18
20240321,동북권,강북구,33,20
20240321,서남권,강서구,35,17
20240321,서남권,관악구,37,21
20240321,동북권,광진구,34,20
20240321,서남권,구로구,40,18
20240321,서남권,금천구,34,20
20240321,동북권,노원구,37,24
20240321,동북권,도봉구,36,21
20240321,동북권,동대문구,34,19
20240321,서남권,동작구,31,21
20240321,서북권,마포구,33,19
20240321,서북권,서대문구,38,24
20240321,동남권,서초구,45,21
20240321,동북권,성동구,33,19
20240321,동북권,성북구,34,21
20240321,동남권,송파구,38,21
20240321,서남권,양천구,34,20
20240321,서남권,영등포구,30,20
20240321,도심권,용산구,36,21
20240321,서북권,은평구,35,20
20240321,도심권,종로구,33,22
20240321,도심권,중구,28,22
20240321,동북권,중랑구,31,22
20240322,동남권,강남구,37,19
20240322,동남권,강동구,39,17
20240322,동북권,강북구,38,18
20240322,서남권,강서구,43,16
20240322,서남권,관악구,44,19
20240322,동북권,광진구,38,18
20240322,서남권,구로구,49,15
20240322,서남권,금천구,37,16
20240322,동북권,노원구,41,20
20240322,동북권,도봉구,41,20
20240322,동북권,동대문구,42,18
20240322,서남권,동작구,37,17
20240322,서북권,마포구,42,17
20240322,서북권,서대문구,49,22
20240322,동남권,서초구,57,20
20240322,동북권,성동구,40,17
20240322,동북권,성북구,42,20
20240322,동남권,송파구,38,17
20240322,서남권,양천구,41,16
20240322,서남권,영등포구,38,18
20240322,도심권,용산구,43,18
20240322,서북권,은평구,46,18
20240322,도심권,종로구,40,19
20240322,도심권,중구,37,21
20240322,동북권,중랑구,34,18
20240323,동남권,강남구,57,28
20240323,동남권,강동구,59,26
20240323,동북권,강북구,46,19
20240323,서남권,강서구,55,23
20240323,서남권,관악구,62,26
20240323,동북권,광진구,54,23
20240323,서남권,구로구,66,27
20240323,서남권,금천구,57,23
20240323,동북권,노원구,48,21
20240323,동북권,도봉구,49,24
20240323,동북권,동대문구,57,23
20240323,서남권,동작구,57,26
20240323,서북권,마포구,54,21
20240323,서북권,서대문구,56,30
20240323,동남권,서초구,70,31
20240323,동북권,성동구,58,24
20240323,동북권,성북구,54,26
20240323,동남권,송파구,58,25
20240323,서남권,양천구,57,22
20240323,서남권,영등포구,51,23
20240323,도심권,용산구,58,25
20240323,서북권,은평구,59,26
20240323,도심권,종로구,56,24
20240323,도심권,중구,46,24
20240323,동북권,중랑구,44,23
20240324,동남권,강남구,32,17
20240324,동남권,강동구,26,9
20240324,동북권,강북구,25,12
20240324,서남권,강서구,41,20
20240324,서남권,관악구,40,18
20240324,동북권,광진구,30,13
20240324,서남권,구로구,40,15
20240324,서남권,금천구,35,15
20240324,동북권,노원구,31,15
20240324,동북권,도봉구,29,14
20240324,동북권,동대문구,35,16
20240324,서남권,동작구,32,16
20240324,서북권,마포구,39,19
20240324,서북권,서대문구,32,18
20240324,동남권,서초구,39,16
20240324,동북권,성동구,33,15
20240324,동북권,성북구,31,15
20240324,동남권,송파구,36,15
20240324,서남권,양천구,41,19
20240324,서남권,영등포구,35,19
20240324,도심권,용산구,37,17
20240324,서북권,은평구,32,15
20240324,도심권,종로구,31,18
20240324,도심권,중구,27,16
20240324,동북권,중랑구,26,14
20240325,동남권,강남구,18,8
20240325,동남권,강동구,11,3
20240325,동북권,강북구,16,7
20240325,서남권,강서구,19,7
20240325,서남권,관악구,20,9
20240325,동북권,광진구,17,6
20240325,서남권,구로구,18,4
20240325,서남권,금천구,18,8
20240325,동북권,노원구,16,8
20240325,동북권,도봉구,17,8
20240325,동북권,동대문구,17,6
20240325,서남권,동작구,18,9
20240325,서북권,마포구,18,7
20240325,서북권,서대문구,23,12
20240325,동남권,서초구,19,6
20240325,동북권,성동구,16,7
20240325,동북권,성북구,18,8
20240325,동남권,송파구,19,7
20240325,서남권,양천구,18,6
20240325,서남권,영등포구,19,8
20240325,도심권,용산구,18,6
20240325,서북권,은평구,18,7
20240325,도심권,종로구,15,9
20240325,도심권,중구,15,8
20240325,동북권,중랑구,15,7
20240326,동남권,강남구,7,3
20240326,동남권,강동구,4,1
20240326,동북권,강북구,5,2
20240326,서남권,강서구,6,3
20240326,서남권,관악구,9,4
20240326,동북권,광진구,5,2
20240326,서남권,구로구,9,2
20240326,서남권,금천구,9,4
20240326,동북권,노원구,8,4
20240326,동북권,도봉구,7,4
20240326,동북권,동대문구,6,3
20240326,서남권,동작구,7,3
20240326,서북권,마포구,8,3
20240326,서북권,서대문구,11,7
20240326,동남권,서초구,9,3
20240326,동북권,성동구,7,3
20240326,동북권,성북구,7,3
20240326,동남권,송파구,6,2
20240326,서남권,양천구,8,4
20240326,서남권,영등포구,8,3
20240326,도심권,용산구,8,3
20240326,서북권,은평구,6,2
20240326,도심권,종로구,5,3
20240326,도심권,중구,5,3
20240326,동북권,중랑구,6,2
20240327,동남권,강남구,22,14
20240327,동남권,강동구,25,14
20240327,동북권,강북구,20,12
20240327,서남권,강서구,24,15
20240327,서남권,관악구,28,17
20240327,동북권,광진구,20,12
20240327,서남권,구로구,29,17
20240327,서남권,금천구,27,17
20240327,동북권,노원구,24,14
20240327,동북권,도봉구,26,17
20240327,동북권,동대문구,23,13
20240327,서남권,동작구,25,17
20240327,서북권,마포구,22,14
20240327,서북권,서대문구,31,23
20240327,동남권,서초구,35,19
20240327,동북권,성동구,23,13
20240327,동북권,성북구,26,15
20240327,동남권,송파구,24,12
20240327,서남권,양천구,25,15
20240327,서남권,영등포구,23,17
20240327,도심권,용산구,23,12
20240327,서북권,은평구,29,20
20240327,도심권,종로구,22,14
20240327,도심권,중구,18,14
20240327,동북권,중랑구,19,13
20240328,동남권,강남구,28,18
20240328,동남권,강동구,33,20
20240328,동북권,강북구,28,14
20240328,서남권,강서구,28,11
20240328,서남권,관악구,28,13
20240328,동북권,광진구,28,16
20240328,서남권,구로구,39,15
20240328,서남권,금천구,26,11
20240328,동북권,노원구,30,17
20240328,동북권,도봉구,37,20
20240328,동북권,동대문구,32,17
20240328,서남권,동작구,23,12
20240328,서북권,마포구,26,12
20240328,서북권,서대문구,39,23
20240328,동남권,서초구,41,20
20240328,동북권,성동구,31,15
20240328,동북권,성북구,38,17
20240328,동남권,송파구,26,13
20240328,서남권,양천구,32,12
20240328,서남권,영등포구,27,15
20240328,도심권,용산구,26,12
20240328,서북권,은평구,37,18
20240328,도심권,종로구,30,16
20240328,도심권,중구,24,17
20240328,동북권,중랑구,25,15
20240329,동남권,강남구,222,46
20240329,동남권,강동구,271,46
20240329,동북권,강북구,246,33
20240329,서남권,강서구,216,43
20240329,서남권,관악구,228,41
20240329,동북권,광진구,243,39
20240329,서남권,구로구,245,41
20240329,서남권,금천구,210,34
20240329,동북권,노원구,262,48
20240329,동북권,도봉구,257,47
20240329,동북권,동대문구,228,33
20240329,서남권,동작구,206,39
20240329,서북권,마포구,219,32
20240329,서북권,서대문구,230,49
20240329,동남권,서초구,266,49
20240329,동북권,성동구,225,34
20240329,동북권,성북구,248,46
20240329,동남권,송파구,252,40
20240329,서남권,양천구,212,32
20240329,서남권,영등포구,185,44
20240329,도심권,용산구,255,38
20240329,서북권,은평구,244,47
20240329,도심권,종로구,224,36
20240329,도심권,중구,191,42
20240329,동북권,중랑구,178,39
20240330,동남권,강남구,87,25
20240330,동남권,강동구,93,21
20240330,동북권,강북구,76,15
20240330,서남권,강서구,95,23
20240330,서남권,관악구,98,24
20240330,동북권,광진구,86,26
20240330,서남권,구로구,106,24
20240330,서남권,금천구,89,21
20240330,동북권,노원구,86,23
20240330,동북권,도봉구,84,22
20240330,동북권,동대문구,88,18
20240330,서남권,동작구,83,21
20240330,서북권,마포구,89,19
20240330,서북권,서대문구,88,26
20240330,동남권,서초구,107,25
20240330,동북권,성동구,87,20
20240330,동북권,성북구,89,24
20240330,동남권,송파구,95,24
20240330,서남권,양천구,94,20
20240330,서남권,영등포구,80,25
20240330,도심권,용산구,100,22
20240330,서북권,은평구,92,24
20240330,도심권,종로구,87,22
20240330,도심권,중구,74,22
20240330,동북권,중랑구,72,21
20240331,동남권,강남구,39,12
20240331,동남권,강동구,42,7
20240331,동북권,강북구,36,10
20240331,서남권,강서구,42,10
20240331,서남권,관악구,44,13
20240331,동북권,광진구,39,11
20240331,서남권,구로구,50,10
20240331,서남권,금천구,36,10
20240331,동북권,노원구,42,13
20240331,동북권,도봉구,43,11
20240331,동북권,동대문구,39,10
20240331,서남권,동작구,37,11
20240331,서북권,마포구,44,12
20240331,서북권,서대문구,44,16
20240331,동남권,서초구,52,12
20240331,동북권,성동구,40,11
20240331,동북권,성북구,41,11
20240331,동남권,송파구,45,12
20240331,서남권,양천구,43,11
20240331,서남권,영등포구,37,12
20240331,도심권,용산구,47,12
20240331,서북권,은평구,45,11
20240331,도심권,종로구,38,12
20240331,도심권,중구,34,13
20240331,동북권,중랑구,34,11
20240401,동남권,강남구,40,14
20240401,동남권,강동구,43,10
20240401,동북권,강북구,42,17
20240401,서남권,강서구,46,13
20240401,서남권,관악구,44,15
20240401,동북권,광진구,42,15
20240401,서남권,구로구,51,12
20240401,서남권,금천구,37,11
20240401,동북권,노원구,45,16
20240401,동북권,도봉구,46,16
20240401,동북권,동대문구,42,13
20240401,서남권,동작구,37,13
20240401,서북권,마포구,44,14
20240401,서북권,서대문구,41,15
20240401,동남권,서초구,61,16
20240401,동북권,성동구,42,13
20240401,동북권,성북구,46,14
20240401,동남권,송파구,48,15
20240401,서남권,양천구,42,13
20240401,서남권,영등포구,37,14
20240401,도심권,용산구,47,15
20240401,서북권,은평구,40,11
20240401,도심권,종로구,38,14
20240401,도심권,중구,33,14
20240401,동북권,중랑구,37,16
20240402,동남권,강남구,51,24
20240402,동남권,강동구,54,23
20240402,동북권,강북구,44,22
20240402,서남권,강서구,49,17
20240402,서남권,관악구,51,22
20240402,동북권,광진구,48,22
20240402,서남권,구로구,59,20
20240402,서남권,금천구,39,16
20240402,동북권,노원구,50,25
20240402,동북권,도봉구,51,26
20240402,동북권,동대문구,50,21
20240402,서남권,동작구,44,20
20240402,서북권,마포구,50,21
20240402,서북권,서대문구,52,25
20240402,동남권,서초구,68,26
20240402,동북권,성동구,50,21
20240402,동북권,성북구,57,25
20240402,동남권,송파구,57,22
20240402,서남권,양천구,47,18
20240402,서남권,영등포구,44,23
20240402,도심권,용산구,55,24
20240402,서북권,은평구,51,22
20240402,도심권,종로구,49,25
20240402,도심권,중구,43,25
20240402,동북권,중랑구,41,23
20240403,동남권,강남구,38,21
20240403,동남권,강동구,36,19
20240403,동북권,강북구,34,18
20240403,서남권,강서구,52,23
20240403,서남권,관악구,46,24
20240403,동북권,광진구,36,19
20240403,서남권,구로구,48,22
20240403,서남권,금천구,28,14
20240403,동북권,노원구,44,25
20240403,동북권,도봉구,43,23
20240403,동북권,동대문구,42,21
20240403,서남권,동작구,37,20
20240403,서북권,마포구,41,20
20240403,서북권,서대문구,37,22
20240403,동남권,서초구,56,25
20240403,동북권,성동구,41,20
20240403,동북권,성북구,45,23
20240403,동남권,송파구,42,21
20240403,서남권,양천구,43,21
20240403,서남권,영등포구,39,24
20240403,도심권,용산구,44,22
20240403,서북권,은평구,38,18
20240403,도심권,종로구,40,21
20240403,도심권,중구,35,23
20240403,동북권,중랑구,34,19
20240404,동남권,강남구,29,14
20240404,동남권,강동구,23,9
20240404,동북권,강북구,31,15
20240404,서남권,강서구,42,18
20240404,서남권,관악구,33,16
20240404,동북권,광진구,27,12
20240404,서남권,구로구,37,12
20240404,서남권,금천구,30,14
20240404,동북권,노원구,33,16
20240404,동북권,도봉구,33,16
20240404,동북권,동대문구,31,14
20240404,서남권,동작구,28,14
20240404,서북권,마포구,33,15
20240404,서북권,서대문구,32,18
20240404,동남권,서초구,39,14
20240404,동북권,성동구,28,14
20240404,동북권,성북구,32,14
20240404,동남권,송파구,31,13
20240404,서남권,양천구,36,17
20240404,서남권,영등포구,31,19
20240404,도심권,용산구,32,14
20240404,서북권,은평구,33,15
20240404,도심권,종로구,29,15
20240404,도심권,중구,27,17
20240404,동북권,중랑구,26,14
20240405,동남권,강남구,39,21
20240405,동남권,강동구,35,18
20240405,동북권,강북구,38,19
20240405,서남권,강서구,43,20
20240405,서남권,관악구,45,23
20240405,동북권,광진구,39,20
20240405,서남권,구로구,47,18
20240405,서남권,금천구,39,19
20240405,동북권,노원구,43,23
20240405,동북권,도봉구,40,20
20240405,동북권,동대문구,41,20
20240405,서남권,동작구,38,21
20240405,서북권,마포구,42,21
20240405,서북권,서대문구,45,23
20240405,동남권,서초구,55,21
20240405,동북권,성동구,39,19
20240405,동북권,성북구,41,19
20240405,동남권,송파구,40,20
20240405,서남권,양천구,41,21
20240405,서남권,영등포구,38,22
20240405,도심권,용산구,45,20
20240405,서북권,은평구,45,21
20240405,도심권,종로구,40,21
20240405,도심권,중구,34,21
20240405,동북권,중랑구,34,22
20240406,동남권,강남구,62,37
20240406,동남권,강동구,66,42
20240406,동북권,강북구,51,30
20240406,서남권,강서구,73,41
20240406,서남권,관악구,67,40
20240406,동북권,광진구,62,40
20240406,서남권,구로구,75,42
20240406,서남권,금천구,58,35
20240406,동북권,노원구,62,39
20240406,동북권,도봉구,55,33
20240406,동북권,동대문구,67,38
20240406,서남권,동작구,53,34
20240406,서북권,마포구,65,43
20240406,서북권,서대문구,66,42
20240406,동남권,서초구,82,43
20240406,동북권,성동구,63,34
20240406,동북권,성북구,61,34
20240406,동남권,송파구,59,33
20240406,서남권,양천구,68,44
20240406,서남권,영등포구,61,45
20240406,도심권,용산구,70,40
20240406,서북권,은평구,63,35
20240406,도심권,종로구,66,42
20240406,도심권,중구,58,44
20240406,동북권,중랑구,57,42
20240407,동남권,강남구,52,32
20240407,동남권,강동구,58,37
20240407,동북권,강북구,48,29
20240407,서남권,강서구,58,32
20240407,서남권,관악구,52,30
20240407,동북권,광진구,54,34
20240407,서남권,구로구,61,29
20240407,서남권,금천구,43,25
20240407,동북권,노원구,55,34
20240407,동북권,도봉구,50,31
20240407,동북권,동대문구,57,33
20240407,서남권,동작구,45,27
20240407,서북권,마포구,53,33
20240407,서북권,서대문구,55,34
20240407,동남권,서초구,63,33
20240407,동북권,성동구,54,30
20240407,동북권,성북구,56,31
20240407,동남권,송파구,51,29
20240407,서남권,양천구,55,34
20240407,서남권,영등포구,52,36
20240407,도심권,용산구,61,36
20240407,서북권,은평구,52,30
20240407,도심권,종로구,54,34
20240407,도심권,중구,46,35
20240407,동북권,중랑구,49,37
20240408,동남권,강남구,53,29
20240408,동남권,강동구,59,31
20240408,동북권,강북구,46,25
20240408,서남권,강서구,55,25
20240408,서남권,관악구,60,30
20240408,동북권,광진구,50,27
20240408,서남권,구로구,68,30
20240408,서남권,금천구,48,24
20240408,동북권,노원구,53,29
20240408,동북권,도봉구,54,27
20240408,동북권,동대문구,55,27
20240408,서남권,동작구,51,28
20240408,서북권,마포구,52,27
20240408,서북권,서대문구,54,30
20240408,동남권,서초구,76,32
20240408,동북권,성동구,53,25
20240408,동북권,성북구,56,27
20240408,동남권,송파구,59,27
20240408,서남권,양천구,54,28
20240408,서남권,영등포구,50,31
20240408,도심권,용산구,59,28
20240408,서북권,은평구,53,26
20240408,도심권,종로구,52,29
20240408,도심권,중구,44,29
20240408,동북권,중랑구,44,29
20240409,동남권,강남구,37,18
20240409,동남권,강동구,30,13
20240409,동북권,강북구,35,18
20240409,서남권,강서구,41,18
20240409,서남권,관악구,46,22
20240409,동북권,광진구,36,17
20240409,서남권,구로구,48,18
20240409,서남권,금천구,38,20
20240409,동북권,노원구,39,21
20240409,동북권,도봉구,39,16
20240409,동북권,동대문구,40,18
20240409,서남권,동작구,39,20
20240409,서북권,마포구,41,19
20240409,서북권,서대문구,42,20
20240409,동남권,서초구,50,18
20240409,동북권,성동구,36,16
20240409,동북권,성북구,40,16
20240409,동남권,송파구,40,18
20240409,서남권,양천구,41,20
20240409,서남권,영등포구,37,21
20240409,도심권,용산구,41,17
20240409,서북권,은평구,40,16
20240409,도심권,종로구,37,20
20240409,도심권,중구,34,20
20240409,동북권,중랑구,31,17
20240410,동남권,강남구,40,18
20240410,동남권,강동구,39,17
20240410,동북권,강북구,37,15
20240410,서남권,강서구,44,17
20240410,서남권,관악구,47,20
20240410,동북권,광진구,40,18
20240410,서남권,구로구,49,17
20240410,서남권,금천구,40,18
20240410,동북권,노원구,43,21
20240410,동북권,도봉구,38,16
20240410,동북권,동대문구,42,18
20240410,서남권,동작구,40,18
20240410,서북권,마포구,41,17
20240410,서북권,서대문구,43,21
20240410,동남권,서초구,56,20
20240410,동북권,성동구,40,16
20240410,동북권,성북구,41,17
20240410,동남권,송파구,43,18
20240410,서남권,양천구,44,17
20240410,서남권,영등포구,38,19
20240410,도심권,용산구,45,18
20240410,서북권,은평구,45,17
20240410,도심권,종로구,40,19
20240410,도심권,중구,37,18
20240410,동북권,중랑구,34,18
20240411,동남권,강남구,47,21
20240411,동남권,강동구,51,22
20240411,동북권,강북구,42,18
20240411,서남권,강서구,47,18
20240411,서남권,관악구,53,22
20240411,동북권,광진구,46,21
20240411,서남권,구로구,58,22
20240411,서남권,금천구,45,21
20240411,동북권,노원구,49,25
20240411,동북권,도봉구,48,20
20240411,동북권,동대문구,48,21
20240411,서남권,동작구,46,20
20240411,서북권,마포구,45,19
20240411,서북권,서대문구,50,25
20240411,동남권,서초구,65,23
20240411,동북권,성동구,47,20
20240411,동북권,성북구,50,20
20240411,동남권,송파구,49,21
20240411,서남권,양천구,48,19
20240411,서남권,영등포구,42,22
20240411,도심권,용산구,51,23
20240411,서북권,은평구,47,21
20240411,도심권,종로구,46,22
20240411,도심권,중구,39,20
20240411,동북권,중랑구,38,20
20240412,동남권,강남구,48,25
20240412,동남권,강동구,49,25
20240412,동북권,강북구,41,20
20240412,서남권,강서구,46,21
20240412,서남권,관악구,47,22
20240412,동북권,광진구,47,25
20240412,서남권,구로구,52,22
20240412,서남권,금천구,38,20
20240412,동북권,노원구,49,28
20240412,동북권,도봉구,46,24
20240412,동북권,동대문구,50,25
20240412,서남권,동작구,40,20
20240412,서북권,마포구,45,23
20240412,서북권,서대문구,48,25
20240412,동남권,서초구,59,25
20240412,동북권,성동구,47,25
20240412,동북권,성북구,47,24
20240412,동남권,송파구,50,23
20240412,서남권,양천구,45,21
20240412,서남권,영등포구,43,23
20240412,도심권,용산구,51,26
20240412,서북권,은평구,44,22
20240412,도심권,종로구,47,26
20240412,도심권,중구,39,24
20240412,동북권,중랑구,39,26
20240413,동남권,강남구,39,23
20240413,동남권,강동구,39,18
20240413,동북권,강북구,31,13
20240413,서남권,강서구,39,17
20240413,서남권,관악구,41,18
20240413,동북권,광진구,41,20
20240413,서남권,구로구,45,18
20240413,서남권,금천구,35,17
20240413,동북권,노원구,39,21
20240413,동북권,도봉구,39,16
20240413,동북권,동대문구,41,18
20240413,서남권,동작구,35,16
20240413,서북권,마포구,38,17
20240413,서북권,서대문구,38,20
20240413,동남권,서초구,48,20
20240413,동북권,성동구,41,20
20240413,동북권,성북구,37,17
20240413,동남권,송파구,43,19
20240413,서남권,양천구,36,16
20240413,서남권,영등포구,35,18
20240413,도심권,용산구,45,21
20240413,서북권,은평구,36,15
20240413,도심권,종로구,37,18
20240413,도심권,중구,33,17
20240413,동북권,중랑구,33,19
20240414,동남권,강남구,42,25
20240414,동남권,강동구,40,21
20240414,동북권,강북구,38,19
20240414,서남권,강서구,43,22
20240414,서남권,관악구,48,23
20240414,동북권,광진구,43,23
20240414,서남권,구로구,54,24
20240414,서남권,금천구,38,20
20240414,동북권,노원구,45,25
20240414,동북권,도봉구,44,19
20240414,동북권,동대문구,47,24
20240414,서남권,동작구,39,20
20240414,서북권,마포구,45,23
20240414,서북권,서대문구,43,23
20240414,동남권,서초구,50,23
20240414,동북권,성동구,43,24
20240414,동북권,성북구,44,21
20240414,동남권,송파구,46,22
20240414,서남권,양천구,42,21
20240414,서남권,영등포구,38,24
20240414,도심권,용산구,48,25
20240414,서북권,은평구,43,19
20240414,도심권,종로구,41,23
20240414,도심권,중구,36,22
20240414,동북권,중랑구,36,23
20240415,동남권,강남구,19,12
20240415,동남권,강동구,15,9
20240415,동북권,강북구,20,11
20240415,서남권,강서구,26,13
20240415,서남권,관악구,25,12
20240415,동북권,광진구,21,11
20240415,서남권,구로구,22,10
20240415,서남권,금천구,18,9
20240415,동북권,노원구,21,13
20240415,동북권,도봉구,19,11
20240415,동북권,동대문구,23,11
20240415,서남권,동작구,28,10
20240415,서북권,마포구,22,12
20240415,서북권,서대문구,24,16
20240415,동남권,서초구,19,13
20240415,동북권,성동구,20,12
20240415,동북권,성북구,21,11
20240415,동남권,송파구,20,10
20240415,서남권,양천구,25,12
20240415,서남권,영등포구,20,12
20240415,도심권,용산구,21,11
20240415,서북권,은평구,24,12
20240415,도심권,종로구,20,12
20240415,도심권,중구,20,13
20240415,동북권,중랑구,18,11
20240416,동남권,강남구,79,32
20240416,동남권,강동구,100,31
20240416,동북권,강북구,67,18
20240416,서남권,강서구,81,29
20240416,서남권,관악구,88,29
20240416,동북권,광진구,78,25
20240416,서남권,구로구,101,36
20240416,서남권,금천구,77,30
20240416,동북권,노원구,82,27
20240416,동북권,도봉구,82,28
20240416,동북권,동대문구,77,26
20240416,서남권,동작구,81,27
20240416,서북권,마포구,76,26
20240416,서북권,서대문구,113,40
20240416,동남권,서초구,106,35
20240416,동북권,성동구,74,26
20240416,동북권,성북구,85,30
20240416,동남권,송파구,90,23
20240416,서남권,양천구,79,27
20240416,서남권,영등포구,70,29
20240416,도심권,용산구,86,26
20240416,서북권,은평구,93,35
20240416,도심권,종로구,75,31
20240416,도심권,중구,66,26
20240416,동북권,중랑구,62,26
20240417,동남권,강남구,144,54
20240417,동남권,강동구,156,51
20240417,동북권,강북구,129,23
20240417,서남권,강서구,131,35
20240417,서남권,관악구,151,37
20240417,동북권,광진구,144,44
20240417,서남권,구로구,150,47
20240417,서남권,금천구,131,41
20240417,동북권,노원구,142,40
20240417,동북권,도봉구,132,39
20240417,동북권,동대문구,145,42
20240417,서남권,동작구,143,37
20240417,서북권,마포구,122,36
20240417,서북권,서대문구,144,50
20240417,동남권,서초구,169,53
20240417,동북권,성동구,138,45
20240417,동북권,성북구,145,47
20240417,동남권,송파구,151,35
20240417,서남권,양천구,131,34
20240417,서남권,영등포구,119,38
20240417,도심권,용산구,149,42
20240417,서북권,은평구,144,45
20240417,도심권,종로구,140,49
20240417,도심권,중구,117,40
20240417,동북권,중랑구,113,41
20240418,동남권,강남구,110,33
20240418,동남권,강동구,112,28
20240418,동북권,강북구,113,20
20240418,서남권,강서구,105,25
20240418,서남권,관악구,127,27
20240418,동북권,광진구,113,26
20240418,서남권,구로구,122,31
20240418,서남권,금천구,107,29
20240418,동북권,노원구,117,33
20240418,동북권,도봉구,107,30
20240418,동북권,동대문구,119,26
20240418,서남권,동작구,116,23
20240418,서북권,마포구,106,23
20240418,서북권,서대문구,118,34
20240418,동남권,서초구,134,32
20240418,동북권,성동구,108,28
20240418,동북권,성북구,116,32
20240418,동남권,송파구,121,26
20240418,서남권,양천구,100,22
20240418,서남권,영등포구,91,25
20240418,도심권,용산구,123,28
20240418,서북권,은평구,115,31
20240418,도심권,종로구,111,30
20240418,도심권,중구,94,24
20240418,동북권,중랑구,90,27
20240419,동남권,강남구,89,32
20240419,동남권,강동구,96,33
20240419,동북권,강북구,81,25
20240419,서남권,강서구,102,28
20240419,서남권,관악구,101,29
20240419,동북권,광진구,90,29
20240419,서남권,구로구,115,34
20240419,서남권,금천구,85,27
20240419,동북권,노원구,93,33
20240419,동북권,도봉구,90,33
20240419,동북권,동대문구,96,29
20240419,서남권,동작구,86,25
20240419,서북권,마포구,95,28
20240419,서북권,서대문구,100,33
20240419,동남권,서초구,118,37
20240419,동북권,성동구,89,28
20240419,동북권,성북구,99,35
20240419,동남권,송파구,92,27
20240419,서남권,양천구,92,25
20240419,서남권,영등포구,82,29
20240419,도심권,용산구,103,29
20240419,서북권,은평구,105,36
20240419,도심권,종로구,92,32
20240419,도심권,중구,78,29
20240419,동북권,중랑구,73,32
20240420,동남권,강남구,57,27
20240420,동남권,강동구,58,29
20240420,동북권,강북구,52,22
20240420,서남권,강서구,61,24
20240420,서남권,관악구,61,24
20240420,동북권,광진구,57,26
20240420,서남권,구로구,68,29
20240420,서남권,금천구,47,20
20240420,동북권,노원구,60,28
20240420,동북권,도봉구,57,29
20240420,동북권,동대문구,63,26
20240420,서남권,동작구,55,23
20240420,서북권,마포구,58,24
20240420,서북권,서대문구,60,26
20240420,동남권,서초구,69,29
20240420,동북권,성동구,59,26
20240420,동북권,성북구,60,29
20240420,동남권,송파구,58,24
20240420,서남권,양천구,60,24
20240420,서남권,영등포구,57,28
20240420,도심권,용산구,62,23
20240420,서북권,은평구,62,27
20240420,도심권,종로구,59,27
20240420,도심권,중구,51,27
20240420,동북권,중랑구,49,27
20240421,동남권,강남구,16,7
20240421,동남권,강동구,12,4
20240421,동북권,강북구,16,5
20240421,서남권,강서구,17,7
20240421,서남권,관악구,18,7
20240421,동북권,광진구,17,6
20240421,서남권,구로구,17,7
20240421,서남권,금천구,13,4
20240421,동북권,노원구,18,8
20240421,동북권,도봉구,16,8
20240421,동북권,동대문구,17,6
20240421,서남권,동작구,15,6
20240421,서북권,마포구,17,7
20240421,서북권,서대문구,17,6
20240421,동남권,서초구,21,7
20240421,동북권,성동구,16,7
20240421,동북권,성북구,17,7
20240421,동남권,송파구,18,7
20240421,서남권,양천구,16,6
20240421,서남권,영등포구,17,7
20240421,도심권,용산구,18,6
20240421,서북권,은평구,16,7
20240421,도심권,종로구,15,6
20240421,도심권,중구,13,7
20240421,동북권,중랑구,15,7
20240422,동남권,강남구,31,17
20240422,동남권,강동구,25,11
20240422,동북권,강북구,28,15
20240422,서남권,강서구,34,16
20240422,서남권,관악구,34,17
20240422,동북권,광진구,30,15
20240422,서남권,구로구,33,16
20240422,서남권,금천구,29,14
20240422,동북권,노원구,32,19
20240422,동북권,도봉구,27,15
20240422,동북권,동대문구,31,16
20240422,서남권,동작구,30,15
20240422,서북권,마포구,31,17
20240422,서북권,서대문구,28,15
20240422,동남권,서초구,39,15
20240422,동북권,성동구,31,17
20240422,동북권,성북구,29,14
20240422,동남권,송파구,33,16
20240422,서남권,양천구,31,15
20240422,서남권,영등포구,30,18
20240422,도심권,용산구,33,15
20240422,서북권,은평구,30,17
20240422,도심권,종로구,28,17
20240422,도심권,중구,26,18
20240422,동북권,중랑구,26,16
20240423,동남권,강남구,21,11
20240423,동남권,강동구,13,4
20240423,동북권,강북구,17,10
20240423,서남권,강서구,24,12
20240423,서남권,관악구,23,11
20240423,동북권,광진구,20,9
20240423,서남권,구로구,24,11
20240423,서남권,금천구,23,12
20240423,동북권,노원구,20,11
20240423,동북권,도봉구,20,9
20240423,동북권,동대문구,20,10
20240423,서남권,동작구,21,10
20240423,서북권,마포구,21,11
20240423,서북권,서대문구,19,9
20240423,동남권,서초구,25,8
20240423,동북권,성동구,19,10
20240423,동북권,성북구,17,8
20240423,동남권,송파구,22,12
20240423,서남권,양천구,22,10
20240423,서남권,영등포구,21,13
20240423,도심권,용산구,22,10
20240423,서북권,은평구,20,9
20240423,도심권,종로구,19,11
20240423,도심권,중구,17,11
20240423,동북권,중랑구,17,10
20240424,동남권,강남구,11,6
20240424,동남권,강동구,8,2
20240424,동북권,강북구,9,5
20240424,서남권,강서구,12,6
20240424,서남권,관악구,14,7
20240424,동북권,광진구,11,5
20240424,서남권,구로구,14,6
20240424,서남권,금천구,12,5
20240424,동북권,노원구,12,7
20240424,동북권,도봉구,10,5
20240424,동북권,동대문구,12,5
20240424,서남권,동작구,12,6
20240424,서북권,마포구,11,5
20240424,서북권,서대문구,13,5
20240424,동남권,서초구,14,5
20240424,동북권,성동구,12,6
20240424,동북권,성북구,11,5
20240424,동남권,송파구,13,5
20240424,서남권,양천구,13,4
20240424,서남권,영등포구,12,6
20240424,도심권,용산구,13,4
20240424,서북권,은평구,12,7
20240424,도심권,종로구,11,6
20240424,도심권,중구,9,5
20240424,동북권,중랑구,11,6
20240425,동남권,강남구,33,23
20240425,동남권,강동구,32,22
20240425,동북권,강북구,23,15
20240425,서남권,강서구,33,21
20240425,서남권,관악구,34,21
20240425,동북권,광진구,29,18
20240425,서남권,구로구,19,13
20240425,서남권,금천구,33,22
20240425,동북권,노원구,30,18
20240425,동북권,도봉구,30,19
20240425,동북권,동대문구,29,17
20240425,서남권,동작구,32,21
20240425,서북권,마포구,30,19
20240425,서북권,서대문구,32,19
20240425,동남권,서초구,42,24
20240425,동북권,성동구,30,17
20240425,동북권,성북구,31,19
20240425,동남권,송파구,34,20
20240425,서남권,양천구,32,20
20240425,서남권,영등포구,30,23
20240425,도심권,용산구,31,18
20240425,서북권,은평구,35,22
20240425,도심권,종로구,29,19
20240425,도심권,중구,24,19
20240425,동북권,중랑구,26,19
20240426,동남권,강남구,65,32
20240426,동남권,강동구,77,29
20240426,동북권,강북구,49,19
20240426,서남권,강서구,55,24
20240426,서남권,관악구,68,32
20240426,동북권,광진구,69,25
20240426,서남권,구로구,92,32
20240426,서남권,금천구,59,27
20240426,동북권,노원구,60,25
20240426,동북권,도봉구,63,24
20240426,동북권,동대문구,65,23
20240426,서남권,동작구,58,28
20240426,서북권,마포구,56,22
20240426,서북권,서대문구,67,24
20240426,동남권,서초구,92,37
20240426,동북권,성동구,69,26
20240426,동북권,성북구,67,24
20240426,동남권,송파구,72,26
20240426,서남권,양천구,55,23
20240426,서남권,영등포구,50,27
20240426,도심권,용산구,71,24
20240426,서북권,은평구,65,22
20240426,도심권,종로구,63,26
20240426,도심권,중구,50,24
20240426,동북권,중랑구,54,28
20240427,동남권,강남구,50,28
20240427,동남권,강동구,52,21
20240427,동북권,강북구,41,15
20240427,서남권,강서구,51,27
20240427,서남권,관악구,58,32
20240427,동북권,광진구,50,23
20240427,서남권,구로구,68,39
20240427,서남권,금천구,45,25
20240427,동북권,노원구,50,18
20240427,동북권,도봉구,48,15
20240427,동북권,동대문구,46,18
20240427,서남권,동작구,43,20
20240427,서북권,마포구,47,26
20240427,서북권,서대문구,48,16
20240427,동남권,서초구,70,33
20240427,동북권,성동구,50,22
20240427,동북권,성북구,49,15
20240427,동남권,송파구,52,22
20240427,서남권,양천구,53,29
20240427,서남권,영등포구,49,35
20240427,도심권,용산구,51,24
20240427,서북권,은평구,48,18
20240427,도심권,종로구,43,20
20240427,도심권,중구,35,19
20240427,동북권,중랑구,40,24
20240428,동남권,강남구,34,21
20240428,동남권,강동구,32,17
20240428,동북권,강북구,32,20
20240428,서남권,강서구,42,23
20240428,서남권,관악구,43,23
20240428,동북권,광진구,36,19
20240428,서남권,구로구,49,26
20240428,서남권,금천구,32,17
20240428,동북권,노원구,36,19
20240428,동북권,도봉구,35,19
20240428,동북권,동대문구,40,21
20240428,서남권,동작구,32,17
20240428,서북권,마포구,40,22
20240428,서북권,서대문구,38,19
20240428,동남권,서초구,46,21
20240428,동북권,성동구,36,19
20240428,동북권,성북구,37,19
20240428,동남권,송파구,36,20
20240428,서남권,양천구,39,21
20240428,서남권,영등포구,36,24
20240428,도심권,용산구,43,21
20240428,서북권,은평구,39,20
20240428,도심권,종로구,36,21
20240428,도심권,중구,30,21
20240428,동북권,중랑구,31,22
20240429,동남권,강남구,40,21
20240429,동남권,강동구,35,14
20240429,동북권,강북구,38,21
20240429,서남권,강서구,45,20
20240429,서남권,관악구,43,21
20240429,동북권,광진구,39,18
20240429,서남권,구로구,47,21
20240429,서남권,금천구,38,20
20240429,동북권,노원구,44,22
20240429,동북권,도봉구,43,19
20240429,동북권,동대문구,43,20
20240429,서남권,동작구,38,18
20240429,서북권,마포구,44,21
20240429,서북권,서대문구,49,18
20240429,동남권,서초구,55,22
20240429,동북권,성동구,40,20
20240429,동북권,성북구,45,19
20240429,동남권,송파구,42,19
20240429,서남권,양천구,41,19
20240429,서남권,영등포구,39,22
20240429,도심권,용산구,45,19
20240429,서북권,은평구,49,22
20240429,도심권,종로구,41,22
20240429,도심권,중구,34,20
20240429,동북권,중랑구,35,22
20240430,동남권,강남구,51,32
20240430,동남권,강동구,57,35
20240430,동북권,강북구,51,32
20240430,서남권,강서구,64,33
20240430,서남권,관악구,61,34
20240430,동북권,광진구,51,31
20240430,서남권,구로구,69,38
20240430,서남권,금천구,52,30
20240430,동북권,노원구,57,37
20240430,동북권,도봉구,61,36
20240430,동북권,동대문구,59,34
20240430,서남권,동작구,50,28
20240430,서북권,마포구,58,32
20240430,서북권,서대문구,65,34
20240430,동남권,서초구,72,37
20240430,동북권,성동구,53,30
20240430,동북권,성북구,63,34
20240430,동남권,송파구,55,29
20240430,서남권,양천구,59,32
20240430,서남권,영등포구,51,33
20240430,도심권,용산구,59,31
20240430,서북권,은평구,67,38
20240430,도심권,종로구,59,35
20240430,도심권,중구,50,34
20240430,동북권,중랑구,48,35
20240501,동남권,강남구,24,15
20240501,동남권,강동구,17,8
20240501,동북권,강북구,23,14
20240501,서남권,강서구,32,16
20240501,서남권,관악구,31,18
20240501,동북권,광진구,23,13
20240501,서남권,구로구,33,16
20240501,서남권,금천구,27,15
20240501,동북권,노원구,26,16
20240501,동북권,도봉구,25,12
20240501,동북권,동대문구,24,13
20240501,서남권,동작구,25,14
20240501,서북권,마포구,28,15
20240501,서북권,서대문구,29,13
20240501,동남권,서초구,32,14
20240501,동북권,성동구,24,13
20240501,동북권,성북구,24,12
20240501,동남권,송파구,28,15
20240501,서남권,양천구,28,14
20240501,서남권,영등포구,25,16
20240501,도심권,용산구,27,15
20240501,서북권,은평구,29,13
20240501,도심권,종로구,24,15
20240501,도심권,중구,21,15
20240501,동북권,중랑구,20,13
20240502,동남권,강남구,33,19
20240502,동남권,강동구,30,13
20240502,동북권,강북구,31,18
20240502,서남권,강서구,37,19
20240502,서남권,관악구,39,21
20240502,동북권,광진구,33,18
20240502,서남권,구로구,41,21
20240502,서남권,금천구,34,18
20240502,동북권,노원구,36,20
20240502,동북권,도봉구,33,19
20240502,동북권,동대문구,35,19
20240502,서남권,동작구,33,18
20240502,서북권,마포구,35,18
20240502,서북권,서대문구,38,17
20240502,동남권,서초구,46,20
20240502,동북권,성동구,33,17
20240502,동북권,성북구,37,17
20240502,동남권,송파구,36,19
20240502,서남권,양천구,35,18
20240502,서남권,영등포구,32,20
20240502,도심권,용산구,37,20
20240502,서북권,은평구,38,19
20240502,도심권,종로구,34,20
20240502,도심권,중구,27,19
20240502,동북권,중랑구,29,19
20240503,동남권,강남구,45,26
20240503,동남권,강동구,46,23
20240503,동북권,강북구,38,22
20240503,서남권,강서구,47,23
20240503,서남권,관악구,51,27
20240503,동북권,광진구,46,25
20240503,서남권,구로구,56,27
20240503,서남권,금천구,41,22
20240503,동북권,노원구,47,26
20240503,동북권,도봉구,55,26
20240503,동북권,동대문구,48,26
20240503,서남권,동작구,40,22
20240503,서북권,마포구,49,24
20240503,서북권,서대문구,47,22
20240503,동남권,서초구,58,29
20240503,동북권,성동구,46,24
20240503,동북권,성북구,49,22
20240503,동남권,송파구,48,25
20240503,서남권,양천구,46,23
20240503,서남권,영등포구,41,26
20240503,도심권,용산구,51,27
20240503,서북권,은평구,48,22
20240503,도심권,종로구,45,26
20240503,도심권,중구,38,25
20240503,동북권,중랑구,41,27
20240504,동남권,강남구,52,32
20240504,동남권,강동구,58,34
20240504,동북권,강북구,49,32
20240504,서남권,강서구,56,32
20240504,서남권,관악구,55,32
20240504,동북권,광진구,55,33
20240504,서남권,구로구,62,34
20240504,서남권,금천구,44,26
20240504,동북권,노원구,58,36
20240504,동북권,도봉구,56,33
20240504,동북권,동대문구,58,35
20240504,서남권,동작구,48,29
20240504,서북권,마포구,56,33
20240504,서북권,서대문구,58,32
20240504,동남권,서초구,70,37
20240504,동북권,성동구,53,31
20240504,동북권,성북구,59,33
20240504,동남권,송파구,57,31
20240504,서남권,양천구,51,30
20240504,서남권,영등포구,48,33
20240504,도심권,용산구,60,36
20240504,서북권,은평구,57,33
20240504,도심권,종로구,54,35
20240504,도심권,중구,45,34
20240504,동북권,중랑구,50,36
20240505,동남권,강남구,23,16
20240505,동남권,강동구,18,14
20240505,동북권,강북구,20,13
20240505,서남권,강서구,23,13
20240505,서남권,관악구,26,14
20240505,동북권,광진구,25,16
20240505,서남권,구로구,17,12
20240505,서남권,금천구,18,11
20240505,동북권,노원구,22,17
20240505,동북권,도봉구,20,14
20240505,동북권,동대문구,26,16
20240505,서남권,동작구,25,12
20240505,서북권,마포구,22,14
20240505,서북권,서대문구,20,13
20240505,동남권,서초구,21,12
20240505,동북권,성동구,23,16
20240505,동북권,성북구,21,16
20240505,동남권,송파구,22,13
20240505,서남권,양천구,25,13
20240505,서남권,영등포구,21,14
20240505,도심권,용산구,22,17
20240505,서북권,은평구,20,14
20240505,도심권,종로구,25,16
20240505,도심권,중구,21,16
20240505,동북권,중랑구,23,16
20240506,동남권,강남구,10,7
20240506,동남권,강동구,8,5
20240506,동북권,강북구,8,5
20240506,서남권,강서구,13,8
20240506,서남권,관악구,14,8
20240506,동북권,광진구,10,6
20240506,서남권,구로구,12,9
20240506,서남권,금천구,11,6
20240506,동북권,노원구,13,9
20240506,동북권,도봉구,12,6
20240506,동북권,동대문구,10,6
20240506,서남권,동작구,12,7
20240506,서북권,마포구,11,7
20240506,서북권,서대문구,13,8
20240506,동남권,서초구,12,6
20240506,동북권,성동구,10,6
20240506,동북권,성북구,10,7
20240506,동남권,송파구,10,6
20240506,서남권,양천구,13,6
20240506,서남권,영등포구,11,7
20240506,도심권,용산구,12,8
20240506,서북권,은평구,15,10
20240506,도심권,종로구,10,7
20240506,도심권,중구,9,7
20240506,동북권,중랑구,10,7
20240507,동남권,강남구,21,13
20240507,동남권,강동구,21,13
20240507,동북권,강북구,18,12
20240507,서남권,강서구,21,12
20240507,서남권,관악구,21,12
20240507,동북권,광진구,20,12
20240507,서남권,구로구,21,13
20240507,서남권,금천구,16,10
20240507,동북권,노원구,20,14
20240507,동북권,도봉구,20,14
20240507,동북권,동대문구,22,13
20240507,서남권,동작구,21,13
20240507,서북권,마포구,20,12
20240507,서북권,서대문구,22,13
20240507,동남권,서초구,28,15
20240507,동북권,성동구,21,13
20240507,동북권,성북구,22,14
20240507,동남권,송파구,21,13
20240507,서남권,양천구,21,12
20240507,서남권,영등포구,20,14
20240507,도심권,용산구,22,13
20240507,서북권,은평구,21,12
20240507,도심권,종로구,21,13
20240507,도심권,중구,19,14
20240507,동북권,중랑구,20,13
20240508,동남권,강남구,19,9
20240508,동남권,강동구,15,4
20240508,동북권,강북구,17,9
20240508,서남권,강서구,22,9
20240508,서남권,관악구,22,10
20240508,동북권,광진구,20,9
20240508,서남권,구로구,22,9
20240508,서남권,금천구,17,7
20240508,동북권,노원구,21,12
20240508,동북권,도봉구,19,8
20240508,동북권,동대문구,21,10
20240508,서남권,동작구,18,8
20240508,서북권,마포구,21,9
20240508,서북권,서대문구,20,8
20240508,동남권,서초구,26,8
20240508,동북권,성동구,20,10
20240508,동북권,성북구,19,9
20240508,동남권,송파구,22,9
20240508,서남권,양천구,21,8
20240508,서남권,영등포구,19,10
20240508,도심권,용산구,23,11
20240508,서북권,은평구,20,8
20240508,도심권,종로구,20,11
20240508,도심권,중구,15,10
20240508,동북권,중랑구,17,10
20240509,동남권,강남구,27,15
20240509,동남권,강동구,26,11
20240509,동북권,강북구,26,15
20240509,서남권,강서구,30,14
20240509,서남권,관악구,30,14
20240509,동북권,광진구,29,15
20240509,서남권,구로구,32,15
20240509,서남권,금천구,25,11
20240509,동북권,노원구,31,18
20240509,동북권,도봉구,29,15
20240509,동북권,동대문구,31,16
20240509,서남권,동작구,25,14
20240509,서북권,마포구,28,13
20240509,서북권,서대문구,32,14
20240509,동남권,서초구,40,14
20240509,동북권,성동구,29,14
20240509,동북권,성북구,31,15
20240509,동남권,송파구,30,15
20240509,서남권,양천구,27,12
20240509,서남권,영등포구,26,14
20240509,도심권,용산구,33,17
20240509,서북권,은평구,31,14
20240509,도심권,종로구,30,16
20240509,도심권,중구,24,15
20240509,동북권,중랑구,25,15
20240510,동남권,강남구,26,14
20240510,동남권,강동구,28,13
20240510,동북권,강북구,25,14
20240510,서남권,강서구,28,13
20240510,서남권,관악구,31,15
20240510,동북권,광진구,29,14
20240510,서남권,구로구,31,15
20240510,서남권,금천구,25,12
20240510,동북권,노원구,32,18
20240510,동북권,도봉구,31,16
20240510,동북권,동대문구,30,15
20240510,서남권,동작구,26,13
20240510,서북권,마포구,27,13
20240510,서북권,서대문구,31,13
20240510,동남권,서초구,39,16
20240510,동북권,성동구,28,14
20240510,동북권,성북구,30,15
20240510,동남권,송파구,29,13
20240510,서남권,양천구,26,12
20240510,서남권,영등포구,24,14
20240510,도심권,용산구,32,16
20240510,서북권,은평구,30,14
20240510,도심권,종로구,29,16
20240510,도심권,중구,23,15
20240510,동북권,중랑구,25,15
20240511,동남권,강남구,19,9
20240511,동남권,강동구,15,5
20240511,동북권,강북구,16,7
20240511,서남권,강서구,21,7
20240511,서남권,관악구,23,9
20240511,동북권,광진구,21,8
20240511,서남권,구로구,19,7
20240511,서남권,금천구,19,6
20240511,동북권,노원구,22,10
20240511,동북권,도봉구,22,8
20240511,동북권,동대문구,19,8
20240511,서남권,동작구,18,7
20240511,서북권,마포구,20,7
20240511,서북권,서대문구,22,7
20240511,동남권,서초구,23,6
20240511,동북권,성동구,19,8
20240511,동북권,성북구,20,7
20240511,동남권,송파구,20,7
20240511,서남권,양천구,21,6
20240511,서남권,영등포구,18,7
20240511,도심권,용산구,22,9
20240511,서북권,은평구,21,8
20240511,도심권,종로구,19,9
20240511,도심권,중구,16,9
20240511,동북권,중랑구,17,8
20240512,동남권,강남구,63,14
20240512,동남권,강동구,69,15
20240512,동북권,강북구,71,13
20240512,서남권,강서구,66,12
20240512,서남권,관악구,67,15
20240512,동북권,광진구,65,13
20240512,서남권,구로구,76,18
20240512,서남권,금천구,66,10
20240512,동북권,노원구,69,18
20240512,동북권,도봉구,75,19
20240512,동북권,동대문구,67,17
20240512,서남권,동작구,68,12
20240512,서북권,마포구,67,14
20240512,서북권,서대문구,74,17
20240512,동남권,서초구,82,17
20240512,동북권,성동구,61,13
20240512,동북권,성북구,75,20
20240512,동남권,송파구,71,15
20240512,서남권,양천구,63,11
20240512,서남권,영등포구,55,13
20240512,도심권,용산구,75,16
20240512,서북권,은평구,75,24
20240512,도심권,종로구,64,16
20240512,도심권,중구,51,15
20240512,동북권,중랑구,51,15
20240513,동남권,강남구,30,15
20240513,동남권,강동구,26,9
20240513,동북권,강북구,25,12
20240513,서남권,강서구,30,13
20240513,서남권,관악구,33,16
20240513,동북권,광진구,30,13
20240513,서남권,구로구,34,14
20240513,서남권,금천구,25,12
20240513,동북권,노원구,30,16
20240513,동북권,도봉구,26,12
20240513,동북권,동대문구,30,14
20240513,서남권,동작구,28,13
20240513,서북권,마포구,30,14
20240513,서북권,서대문구,29,11
20240513,동남권,서초구,38,14
20240513,동북권,성동구,30,14
20240513,동북권,성북구,28,13
20240513,동남권,송파구,33,15
20240513,서남권,양천구,29,12
20240513,서남권,영등포구,27,14
20240513,도심권,용산구,37,16
20240513,서북권,은평구,27,14
20240513,도심권,종로구,28,15
20240513,도심권,중구,22,13
20240513,동북권,중랑구,25,14
20240514,동남권,강남구,25,13
20240514,동남권,강동구,24,8
20240514,동북권,강북구,22,13
20240514,서남권,강서구,30,14
20240514,서남권,관악구,31,15
20240514,동북권,광진구,27,12
20240514,서남권,구로구,31,14
20240514,서남권,금천구,24,12
20240514,동북권,노원구,28,17
20240514,동북권,도봉구,24,12
20240514,동북권,동대문구,29,14
20240514,서남권,동작구,24,12
20240514,서북권,마포구,29,13
20240514,서북권,서대문구,27,12
20240514,동남권,서초구,37,13
20240514,동북권,성동구,27,14
20240514,동북권,성북구,27,11
20240514,동남권,송파구,29,15
20240514,서남권,양천구,27,12
20240514,서남권,영등포구,26,15
20240514,도심권,용산구,33,16
20240514,서북권,은평구,27,13
20240514,도심권,종로구,28,17
20240514,도심권,중구,21,14
20240514,동북권,중랑구,23,14
20240515,동남권,강남구,21,8
20240515,동남권,강동구,19,5
20240515,동북권,강북구,17,7
20240515,서남권,강서구,23,7
20240515,서남권,관악구,25,9
20240515,동북권,광진구,22,8
20240515,서남권,구로구,26,8
20240515,서남권,금천구,21,7
20240515,동북권,노원구,20,10
20240515,동북권,도봉구,17,7
20240515,동북권,동대문구,22,7
20240515,서남권,동작구,21,7
20240515,서북권,마포구,23,7
20240515,서북권,서대문구,22,7
20240515,동남권,서초구,27,7
20240515,동북권,성동구,22,8
20240515,동북권,성북구,21,8
20240515,동남권,송파구,23,7
20240515,서남권,양천구,23,6
20240515,서남권,영등포구,19,7
20240515,도심권,용산구,26,9
20240515,서북권,은평구,23,9
20240515,도심권,종로구,20,8
20240515,도심권,중구,16,7
20240515,동북권,중랑구,18,8
20240516,동남권,강남구,15,6
20240516,동남권,강동구,12,4
20240516,동북권,강북구,12,5
20240516,서남권,강서구,18,6
20240516,서남권,관악구,20,8
20240516,동북권,광진구,15,5
20240516,서남권,구로구,20,8
20240516,서남권,금천구,15,6
20240516,동북권,노원구,16,7
20240516,동북권,도봉구,14,5
20240516,동북권,동대문구,16,6
20240516,서남권,동작구,16,6
20240516,서북권,마포구,17,6
20240516,서북권,서대문구,18,6
20240516,동남권,서초구,22,7
20240516,동북권,성동구,17,6
20240516,동북권,성북구,17,6
20240516,동남권,송파구,18,6
20240516,서남권,양천구,17,5
20240516,서남권,영등포구,15,6
20240516,도심권,용산구,21,8
20240516,서북권,은평구,16,6
20240516,도심권,종로구,17,8
20240516,도심권,중구,11,6
20240516,동북권,중랑구,13,6
20240517,동남권,강남구,38,18
20240517,동남권,강동구,39,18
20240517,동북권,강북구,33,17
20240517,서남권,강서구,42,17
20240517,서남권,관악구,43,19
20240517,동북권,광진구,40,17
20240517,서남권,구로구,47,22
20240517,서남권,금천구,36,16
20240517,동북권,노원구,39,20
20240517,동북권,도봉구,40,21
20240517,동북권,동대문구,43,20
20240517,서남권,동작구,38,17
20240517,서북권,마포구,38,18
20240517,서북권,서대문구,44,21
20240517,동남권,서초구,53,22
20240517,동북권,성동구,41,18
20240517,동북권,성북구,43,19
20240517,동남권,송파구,39,16
20240517,서남권,양천구,44,16
20240517,서남권,영등포구,36,18
20240517,도심권,용산구,43,19
20240517,서북권,은평구,44,23
20240517,도심권,종로구,42,21
20240517,도심권,중구,34,21
20240517,동북권,중랑구,36,19
20240518,동남권,강남구,26,12
20240518,동남권,강동구,24,8
20240518,동북권,강북구,23,11
20240518,서남권,강서구,27,10
20240518,서남권,관악구,29,11
20240518,동북권,광진구,26,11
20240518,서남권,구로구,28,12
20240518,서남권,금천구,23,8
20240518,동북권,노원구,27,13
20240518,동북권,도봉구,25,12
20240518,동북권,동대문구,27,11
20240518,서남권,동작구,26,10
20240518,서북권,마포구,27,11
20240518,서북권,서대문구,28,10
20240518,동남권,서초구,33,11
20240518,동북권,성동구,28,13
20240518,동북권,성북구,28,11
20240518,동남권,송파구,29,12
20240518,서남권,양천구,26,9
20240518,서남권,영등포구,24,11
20240518,도심권,용산구,33,14
20240518,서북권,은평구,27,13
20240518,도심권,종로구,26,12
20240518,도심권,중구,21,11
20240518,동북권,중랑구,23,12
20240519,동남권,강남구,23,12
20240519,동남권,강동구,18,7
20240519,동북권,강북구,19,10
20240519,서남권,강서구,26,11
20240519,서남권,관악구,28,14
20240519,동북권,광진구,24,11
20240519,서남권,구로구,26,13
20240519,서남권,금천구,21,9
20240519,동북권,노원구,23,12
20240519,동북권,도봉구,21,8
20240519,동북권,동대문구,25,12
20240519,서남권,동작구,25,12
20240519,서북권,마포구,25,13
20240519,서북권,서대문구,23,11
20240519,동남권,서초구,27,10
20240519,동북권,성동구,25,13
20240519,동북권,성북구,23,9
20240519,동남권,송파구,25,11
20240519,서남권,양천구,26,10
20240519,서남권,영등포구,24,13
20240519,도심권,용산구,28,14
20240519,서북권,은평구,20,11
20240519,도심권,종로구,23,12
20240519,도심권,중구,19,12
20240519,동북권,중랑구,20,11
20240520,동남권,강남구,29,16
20240520,동남권,강동구,27,14
20240520,동북권,강북구,26,16
20240520,서남권,강서구,32,16
20240520,서남권,관악구,33,16
20240520,동북권,광진구,29,16
20240520,서남권,구로구,34,17
20240520,서남권,금천구,27,13
20240520,동북권,노원구,30,18
20240520,동북권,도봉구,28,16
20240520,동북권,동대문구,32,17
20240520,서남권,동작구,29,15
20240520,서북권,마포구,30,16
20240520,서북권,서대문구,34,17
20240520,동남권,서초구,37,14
20240520,동북권,성동구,30,16
20240520,동북권,성북구,33,16
20240520,동남권,송파구,29,14
20240520,서남권,양천구,30,14
20240520,서남권,영등포구,27,15
20240520,도심권,용산구,33,17
20240520,서북권,은평구,37,20
20240520,도심권,종로구,31,18
20240520,도심권,중구,26,18
20240520,동북권,중랑구,28,17
20240521,동남권,강남구,44,26
20240521,동남권,강동구,40,27
20240521,동북권,강북구,31,21
20240521,서남권,강서구,52,31
20240521,서남권,관악구,49,27
20240521,동북권,광진구,37,25
20240521,서남권,구로구,55,37
20240521,서남권,금천구,46,27
20240521,동북권,노원구,36,23
20240521,동북권,도봉구,39,27
20240521,동북권,동대문구,43,26
20240521,서남권,동작구,43,27
20240521,서북권,마포구,43,29
20240521,서북권,서대문구,47,30
20240521,동남권,서초구,53,31
20240521,동북권,성동구,41,23
20240521,동북권,성북구,41,25
20240521,동남권,송파구,39,21
20240521,서남권,양천구,51,29
20240521,서남권,영등포구,44,30
20240521,도심권,용산구,43,24
20240521,서북권,은평구,48,33
20240521,도심권,종로구,45,27
20240521,도심권,중구,38,28
20240521,동북권,중랑구,36,24
20240522,동남권,강남구,55,36
20240522,동남권,강동구,66,51
20240522,동북권,강북구,44,31
20240522,서남권,강서구,50,29
20240522,서남권,관악구,51,31
20240522,동북권,광진구,57,41
20240522,서남권,구로구,49,34
20240522,서남권,금천구,47,30
20240522,동북권,노원구,53,35
20240522,동북권,도봉구,48,36
20240522,동북권,동대문구,57,38
20240522,서남권,동작구,50,33
20240522,서북권,마포구,46,32
20240522,서북권,서대문구,55,38
20240522,동남권,서초구,59,37
20240522,동북권,성동구,57,34
20240522,동북권,성북구,53,35
20240522,동남권,송파구,55,33
20240522,서남권,양천구,46,28
20240522,서남권,영등포구,44,32
20240522,도심권,용산구,53,31
20240522,서북권,은평구,54,40
20240522,도심권,종로구,58,39
20240522,도심권,중구,47,38
20240522,동북권,중랑구,54,40
20240523,동남권,강남구,31,19
20240523,동남권,강동구,32,19
20240523,동북권,강북구,24,16
20240523,서남권,강서구,30,17
20240523,서남권,관악구,34,19
20240523,동북권,광진구,32,19
20240523,서남권,구로구,35,21
20240523,서남권,금천구,29,17
20240523,동북권,노원구,30,19
20240523,동북권,도봉구,29,17
20240523,동북권,동대문구,31,19
20240523,서남권,동작구,29,17
20240523,서북권,마포구,30,17
20240523,서북권,서대문구,32,19
20240523,동남권,서초구,39,21
20240523,동북권,성동구,33,20
20240523,동북권,성북구,32,18
20240523,동남권,송파구,33,19
20240523,서남권,양천구,29,16
20240523,서남권,영등포구,29,19
20240523,도심권,용산구,35,19
20240523,서북권,은평구,32,20
20240523,도심권,종로구,31,20
20240523,도심권,중구,25,19
20240523,동북권,중랑구,28,19
20240524,동남권,강남구,37,24
20240524,동남권,강동구,36,25
20240524,동북권,강북구,26,20
20240524,서남권,강서구,41,26
20240524,서남권,관악구,44,28
20240524,동북권,광진구,34,23
20240524,서남권,구로구,44,32
20240524,서남권,금천구,42,27
20240524,동북권,노원구,31,21
20240524,동북권,도봉구,32,21
20240524,동북권,동대문구,34,23
20240524,서남권,동작구,40,27
20240524,서북권,마포구,34,25
20240524,서북권,서대문구,36,23
20240524,동남권,서초구,46,27
20240524,동북권,성동구,35,24
20240524,동북권,성북구,36,23
20240524,동남권,송파구,36,24
20240524,서남권,양천구,40,26
20240524,서남권,영등포구,35,26
20240524,도심권,용산구,39,24
20240524,서북권,은평구,37,27
20240524,도심권,종로구,33,23
20240524,도심권,중구,28,23
20240524,동북권,중랑구,31,22
20240525,동남권,강남구,30,16
20240525,동남권,강동구,24,8
20240525,동북권,강북구,29,18
20240525,서남권,강서구,41,22
20240525,서남권,관악구,44,24
20240525,동북권,광진구,28,15
20240525,서남권,구로구,43,24
20240525,서남권,금천구,35,20
20240525,동북권,노원구,30,17
20240525,동북권,도봉구,32,18
20240525,동북권,동대문구,33,19
20240525,서남권,동작구,36,18
20240525,서북권,마포구,38,23
20240525,서북권,서대문구,36,19
20240525,동남권,서초구,41,17
20240525,동북권,성동구,29,18
20240525,동북권,성북구,36,18
20240525,동남권,송파구,31,15
20240525,서남권,양천구,38,21
20240525,서남권,영등포구,34,25
20240525,도심권,용산구,36,18
20240525,서북권,은평구,36,22
20240525,도심권,종로구,32,19
20240525,도심권,중구,28,19
20240525,동북권,중랑구,27,14
20240526,동남권,강남구,23,14
20240526,동남권,강동구,18,8
20240526,동북권,강북구,23,14
20240526,서남권,강서구,26,13
20240526,서남권,관악구,27,15
20240526,동북권,광진구,24,14
20240526,서남권,구로구,27,13
20240526,서남권,금천구,22,11
20240526,동북권,노원구,24,15
20240526,동북권,도봉구,22,12
20240526,동북권,동대문구,25,13
20240526,서남권,동작구,25,13
20240526,서북권,마포구,24,14
20240526,서북권,서대문구,23,12
20240526,동남권,서초구,24,10
20240526,동북권,성동구,23,14
20240526,동북권,성북구,24,11
20240526,동남권,송파구,24,12
20240526,서남권,양천구,24,12
20240526,서남권,영등포구,22,15
20240526,도심권,용산구,25,13
20240526,서북권,은평구,25,13
20240526,도심권,종로구,24,14
20240526,도심권,중구,20,13
20240526,동북권,중랑구,23,14
20240527,동남권,강남구,24,10
20240527,동남권,강동구,21,7
20240527,동북권,강북구,19,8
20240527,서남권,강서구,26,8
20240527,서남권,관악구,31,12
20240527,동북권,광진구,24,10
20240527,서남권,구로구,32,11
20240527,서남권,금천구,24,8
20240527,동북권,노원구,22,10
20240527,동북권,도봉구,24,7
20240527,동북권,동대문구,25,10
20240527,서남권,동작구,29,13
20240527,서북권,마포구,26,10
20240527,서북권,서대문구,27,10
20240527,동남권,서초구,32,9
20240527,동북권,성동구,25,10
20240527,동북권,성북구,28,9
20240527,동남권,송파구,30,10
20240527,서남권,양천구,25,8
20240527,서남권,영등포구,24,11
20240527,도심권,용산구,30,10
20240527,서북권,은평구,29,13
20240527,도심권,종로구,25,10
20240527,도심권,중구,19,10
20240527,동북권,중랑구,22,9
20240528,동남권,강남구,17,7
20240528,동남권,강동구,11,3
20240528,동북권,강북구,12,6
20240528,서남권,강서구,18,7
20240528,서남권,관악구,19,8
20240528,동북권,광진구,17,6
20240528,서남권,구로구,20,8
20240528,서남권,금천구,17,7
20240528,동북권,노원구,15,7
20240528,동북권,도봉구,14,6
20240528,동북권,동대문구,17,7
20240528,서남권,동작구,13,5
20240528,서북권,마포구,18,7
20240528,서북권,서대문구,14,6
20240528,동남권,서초구,20,8
20240528,동북권,성동구,16,7
20240528,동북권,성북구,18,6
20240528,동남권,송파구,18,8
20240528,서남권,양천구,16,6
20240528,서남권,영등포구,16,7
20240528,도심권,용산구,21,10
20240528,서북권,은평구,14,6
20240528,도심권,종로구,15,7
20240528,도심권,중구,12,7
20240528,동북권,중랑구,15,7
20240529,동남권,강남구,24,13
20240529,동남권,강동구,20,7
20240529,동북권,강북구,20,11
20240529,서남권,강서구,25,11
20240529,서남권,관악구,27,13
20240529,동북권,광진구,24,11
20240529,서남권,구로구,27,12
20240529,서남권,금천구,20,8
20240529,동북권,노원구,24,12
20240529,동북권,도봉구,22,10
20240529,동북권,동대문구,25,12
20240529,서남권,동작구,24,12
20240529,서북권,마포구,27,13
20240529,서북권,서대문구,25,10
20240529,동남권,서초구,32,12
20240529,동북권,성동구,24,13
20240529,동북권,성북구,25,10
20240529,동남권,송파구,25,12
20240529,서남권,양천구,23,10
20240529,서남권,영등포구,23,13
20240529,도심권,용산구,28,15
20240529,서북권,은평구,25,12
20240529,도심권,종로구,23,13
20240529,도심권,중구,19,12
20240529,동북권,중랑구,22,13
20240530,동남권,강남구,30,18
20240530,동남권,강동구,23,9
20240530,동북권,강북구,17,12
20240530,서남권,강서구,29,14
20240530,서남권,관악구,31,16
20240530,동북권,광진구,27,15
20240530,서남권,구로구,37,17
20240530,서남권,금천구,24,13
20240530,동북권,노원구,25,16
20240530,동북권,도봉구,20,11
20240530,동북권,동대문구,29,15
20240530,서남권,동작구,27,14
20240530,서북권,마포구,29,16
20240530,서북권,서대문구,25,12
20240530,동남권,서초구,36,18
20240530,동북권,성동구,30,17
20240530,동북권,성북구,27,13
20240530,동남권,송파구,30,15
20240530,서남권,양천구,27,13
20240530,서남권,영등포구,26,16
20240530,도심권,용산구,34,17
20240530,서북권,은평구,23,12
20240530,도심권,종로구,26,16
20240530,도심권,중구,21,15
20240530,동북권,중랑구,23,14
20240531,동남권,강남구,23,15
20240531,동남권,강동구,21,9
20240531,동북권,강북구,20,13
20240531,서남권,강서구,23,11
20240531,서남권,관악구,26,15
20240531,동북권,광진구,23,14
20240531,서남권,구로구,26,15
20240531,서남권,금천구,21,12
20240531,동북권,노원구,25,16
20240531,동북권,도봉구,23,12
20240531,동북권,동대문구,24,13
20240531,서남권,동작구,24,13
20240531,서북권,마포구,23,13
20240531,서북권,서대문구,25,12
20240531,동남권,서초구,32,15
20240531,동북권,성동구,25,13
20240531,동북권,성북구,24,13
20240531,동남권,송파구,26,15
20240531,서남권,양천구,22,11
20240531,서남권,영등포구,22,14
20240531,도심권,용산구,25,13
20240531,서북권,은평구,25,14
20240531,도심권,종로구,23,14
20240531,도심권,중구,18,13
20240531,동북권,중랑구,21,13
20240601,동남권,강남구,26,15
20240601,동남권,강동구,24,10
20240601,동북권,강북구,21,13
20240601,서남권,강서구,33,13
20240601,서남권,관악구,33,15
20240601,동북권,광진구,27,14
20240601,서남권,구로구,33,16
20240601,서남권,금천구,30,14
20240601,동북권,노원구,25,14
20240601,동북권,도봉구,25,11
20240601,동북권,동대문구,27,13
20240601,서남권,동작구,30,15
20240601,서북권,마포구,28,14
20240601,서북권,서대문구,30,13
20240601,동남권,서초구,32,16
20240601,동북권,성동구,28,14
20240601,동북권,성북구,28,12
20240601,동남권,송파구,29,15
20240601,서남권,양천구,27,12
20240601,서남권,영등포구,25,14
20240601,도심권,용산구,31,15
20240601,서북권,은평구,31,15
20240601,도심권,종로구,27,14
20240601,도심권,중구,22,14
20240601,동북권,중랑구,22,13
20240602,동남권,강남구,20,12
20240602,동남권,강동구,15,3
20240602,동북권,강북구,18,10
20240602,서남권,강서구,22,9
20240602,서남권,관악구,24,11
20240602,동북권,광진구,21,9
20240602,서남권,구로구,24,10
20240602,서남권,금천구,19,9
20240602,동북권,노원구,21,11
20240602,동북권,도봉구,20,8
20240602,동북권,동대문구,22,10
20240602,서남권,동작구,22,11
20240602,서북권,마포구,23,10
20240602,서북권,서대문구,21,8
20240602,동남권,서초구,24,9
20240602,동북권,성동구,21,10
20240602,동북권,성북구,22,9
20240602,동남권,송파구,23,12
20240602,서남권,양천구,20,9
20240602,서남권,영등포구,20,11
20240602,도심권,용산구,25,11
20240602,서북권,은평구,22,11
20240602,도심권,종로구,19,10
20240602,도심권,중구,16,10
20240602,동북권,중랑구,17,10
20240603,동남권,강남구,13,7
20240603,동남권,강동구,5,1
20240603,동북권,강북구,14,8
20240603,서남권,강서구,15,7
20240603,서남권,관악구,17,8
20240603,동북권,광진구,12,5
20240603,서남권,구로구,19,7
20240603,서남권,금천구,14,7
20240603,동북권,노원구,13,8
20240603,동북권,도봉구,13,6
20240603,동북권,동대문구,15,7
20240603,서남권,동작구,16,8
20240603,서북권,마포구,15,8
20240603,서북권,서대문구,12,5
20240603,동남권,서초구,17,9
20240603,동북권,성동구,13,7
20240603,동북권,성북구,15,6
20240603,동남권,송파구,16,7
20240603,서남권,양천구,15,6
20240603,서남권,영등포구,15,9
20240603,도심권,용산구,15,7
20240603,서북권,은평구,12,7
20240603,도심권,종로구,13,7
20240603,도심권,중구,11,7
20240603,동북권,중랑구,12,7
20240604,동남권,강남구,18,10
20240604,동남권,강동구,11,3
20240604,동북권,강북구,13,7
20240604,서남권,강서구,17,7
20240604,서남권,관악구,20,8
20240604,동북권,광진구,17,9
20240604,서남권,구로구,20,9
20240604,서남권,금천구,17,8
20240604,동북권,노원구,17,10
20240604,동북권,도봉구,16,6
20240604,동북권,동대문구,18,8
20240604,서남권,동작구,20,9
20240604,서북권,마포구,19,9
20240604,서북권,서대문구,19,7
20240604,동남권,서초구,21,12
20240604,동북권,성동구,17,8
20240604,동북권,성북구,18,6
20240604,동남권,송파구,20,9
20240604,서남권,양천구,16,6
20240604,서남권,영등포구,17,9
20240604,도심권,용산구,20,9
20240604,서북권,은평구,18,8
20240604,도심권,종로구,16,10
20240604,도심권,중구,13,9
20240604,동북권,중랑구,16,8
20240605,동남권,강남구,36,23
20240605,동남권,강동구,33,14
20240605,동북권,강북구,31,19
20240605,서남권,강서구,42,24
20240605,서남권,관악구,45,24
20240605,동북권,광진구,37,21
20240605,서남권,구로구,49,27
20240605,서남권,금천구,35,21
20240605,동북권,노원구,36,20
20240605,동북권,도봉구,33,17
20240605,동북권,동대문구,38,22
20240605,서남권,동작구,39,21
20240605,서북권,마포구,40,24
20240605,서북권,서대문구,40,19
20240605,동남권,서초구,47,21
20240605,동북권,성동구,36,21
20240605,동북권,성북구,42,20
20240605,동남권,송파구,41,23
20240605,서남권,양천구,40,24
20240605,서남권,영등포구,37,26
20240605,도심권,용산구,41,22
20240605,서북권,은평구,41,23
20240605,도심권,종로구,37,24
20240605,도심권,중구,31,22
20240605,동북권,중랑구,31,20
20240606,동남권,강남구,39,28
20240606,동남권,강동구,42,25
20240606,동북권,강북구,36,25
20240606,서남권,강서구,45,29
20240606,서남권,관악구,47,30
20240606,동북권,광진구,43,28
20240606,서남권,구로구,52,34
20240606,서남권,금천구,37,24
20240606,동북권,노원구,42,27
20240606,동북권,도봉구,34,22
20240606,동북권,동대문구,43,28
20240606,서남권,동작구,41,26
20240606,서북권,마포구,44,30
20240606,서북권,서대문구,45,26
20240606,동남권,서초구,47,26
20240606,동북권,성동구,41,27
20240606,동북권,성북구,43,26
20240606,동남권,송파구,43,27
20240606,서남권,양천구,41,30
20240606,서남권,영등포구,42,34
20240606,도심권,용산구,45,28
20240606,서북권,은평구,46,28
20240606,도심권,종로구,41,29
20240606,도심권,중구,35,28
20240606,동북권,중랑구,39,28
20240607,동남권,강남구,30,20
20240607,동남권,강동구,30,16
20240607,동북권,강북구,29,20
20240607,서남권,강서구,30,17
20240607,서남권,관악구,33,19
20240607,동북권,광진구,32,19
20240607,서남권,구로구,38,21
20240607,서남권,금천구,30,18
20240607,동북권,노원구,34,22
20240607,동북권,도봉구,29,19
20240607,동북권,동대문구,31,19
20240607,서남권,동작구,31,19
20240607,서북권,마포구,31,19
20240607,서북권,서대문구,32,16
20240607,동남권,서초구,37,18
20240607,동북권,성동구,30,18
20240607,동북권,성북구,33,19
20240607,동남권,송파구,34,20
20240607,서남권,양천구,25,17
20240607,서남권,영등포구,28,20
20240607,도심권,용산구,32,20
20240607,서북권,은평구,33,19
20240607,도심권,종로구,29,19
20240607,도심권,중구,24,18
20240607,동북권,중랑구,29,19
20240608,동남권,강남구,23,17
20240608,동남권,강동구,22,16
20240608,동북권,강북구,23,17
20240608,서남권,강서구,24,16
20240608,서남권,관악구,29,19
20240608,동북권,광진구,25,17
20240608,서남권,구로구,22,16
20240608,서남권,금천구,23,16
20240608,동북권,노원구,24,17
20240608,동북권,도봉구,19,16
20240608,동북권,동대문구,25,17
20240608,서남권,동작구,25,18
20240608,서북권,마포구,23,17
20240608,서북권,서대문구,23,15
20240608,동남권,서초구,24,15
20240608,동북권,성동구,23,15
20240608,동북권,성북구,23,16
20240608,동남권,송파구,25,16
20240608,서남권,양천구,21,16
20240608,서남권,영등포구,20,16
20240608,도심권,용산구,25,16
20240608,서북권,은평구,22,18
20240608,도심권,종로구,23,17
20240608,도심권,중구,20,17
20240608,동북권,중랑구,22,16
20240609,동남권,강남구,29,20
20240609,동남권,강동구,28,16
20240609,동북권,강북구,25,17
20240609,서남권,강서구,29,17
20240609,서남권,관악구,30,18
20240609,동북권,광진구,29,19
20240609,서남권,구로구,29,19
20240609,서남권,금천구,24,15
20240609,동북권,노원구,29,18
20240609,동북권,도봉구,24,17
20240609,동북권,동대문구,30,19
20240609,서남권,동작구,28,18
20240609,서북권,마포구,28,19
20240609,서북권,서대문구,30,17
20240609,동남권,서초구,32,19
20240609,동북권,성동구,29,18
20240609,동북권,성북구,31,18
20240609,동남권,송파구,29,18
20240609,서남권,양천구,23,18
20240609,서남권,영등포구,26,20
20240609,도심권,용산구,32,18
20240609,서북권,은평구,29,19
20240609,도심권,종로구,29,20
20240609,도심권,중구,24,18
20240609,동북권,중랑구,26,18
20240610,동남권,강남구,44,29
20240610,동남권,강동구,50,28
20240610,동북권,강북구,42,27
20240610,서남권,강서구,47,26
20240610,서남권,관악구,49,28
20240610,동북권,광진구,47,29
20240610,서남권,구로구,53,27
20240610,서남권,금천구,44,27
20240610,동북권,노원구,46,29
20240610,동북권,도봉구,43,27
20240610,동북권,동대문구,49,29
20240610,서남권,동작구,47,29
20240610,서북권,마포구,45,28
20240610,서북권,서대문구,50,26
20240610,동남권,서초구,55,26
20240610,동북권,성동구,45,27
20240610,동북권,성북구,52,27
20240610,동남권,송파구,48,28
20240610,서남권,양천구,40,27
20240610,서남권,영등포구,42,30
20240610,도심권,용산구,48,29
20240610,서북권,은평구,50,29
20240610,도심권,종로구,47,29
20240610,도심권,중구,37,27
20240610,동북권,중랑구,42,29
20240611,동남권,강남구,61,39
20240611,동남권,강동구,67,40
20240611,동북권,강북구,59,38
20240611,서남권,강서구,58,32
20240611,서남권,관악구,62,35
20240611,동북권,광진구,61,37
20240611,서남권,구로구,60,33
20240611,서남권,금천구,55,35
20240611,동북권,노원구,62,37
20240611,동북권,도봉구,58,36
20240611,동북권,동대문구,64,37
20240611,서남권,동작구,61,39
20240611,서북권,마포구,57,36
20240611,서북권,서대문구,61,32
20240611,동남권,서초구,69,35
20240611,동북권,성동구,60,35
20240611,동북권,성북구,65,36
20240611,동남권,송파구,62,35
20240611,서남권,양천구,46,33
20240611,서남권,영등포구,51,37
20240611,도심권,용산구,64,37
20240611,서북권,은평구,65,39
20240611,도심권,종로구,60,38
20240611,도심권,중구,49,35
20240611,동북권,중랑구,56,41
20240612,동남권,강남구,30,18
20240612,동남권,강동구,33,14
20240612,동북권,강북구,26,15
20240612,서남권,강서구,29,15
20240612,서남권,관악구,32,16
20240612,동북권,광진구,34,18
20240612,서남권,구로구,33,16
20240612,서남권,금천구,27,15
20240612,동북권,노원구,30,17
20240612,동북권,도봉구,28,16
20240612,동북권,동대문구,33,17
20240612,서남권,동작구,30,15
20240612,서북권,마포구,33,17
20240612,서북권,서대문구,33,15
20240612,동남권,서초구,38,16
20240612,동북권,성동구,32,17
20240612,동북권,성북구,32,16
20240612,동남권,송파구,36,17
20240612,서남권,양천구,26,14
20240612,서남권,영등포구,28,18
20240612,도심권,용산구,34,17
20240612,서북권,은평구,31,19
20240612,도심권,종로구,29,17
20240612,도심권,중구,26,16
20240612,동북권,중랑구,30,20
20240613,동남권,강남구,31,19
20240613,동남권,강동구,30,13
20240613,동북권,강북구,24,14
20240613,서남권,강서구,31,16
20240613,서남권,관악구,36,19
20240613,동북권,광진구,34,18
20240613,서남권,구로구,37,17
20240613,서남권,금천구,29,17
20240613,동북권,노원구,28,16
20240613,동북권,도봉구,25,14
20240613,동북권,동대문구,33,16
20240613,서남권,동작구,32,17
20240613,서북권,마포구,31,16
20240613,서북권,서대문구,31,13
20240613,동남권,서초구,40,16
20240613,동북권,성동구,32,17
20240613,동북권,성북구,33,16
20240613,동남권,송파구,37,18
20240613,서남권,양천구,26,15
20240613,서남권,영등포구,29,18
20240613,도심권,용산구,36,18
20240613,서북권,은평구,31,18
20240613,도심권,종로구,30,17
20240613,도심권,중구,25,16
20240613,동북권,중랑구,28,18
20240614,동남권,강남구,34,22
20240614,동남권,강동구,30,16
20240614,동북권,강북구,29,20
20240614,서남권,강서구,34,20
20240614,서남권,관악구,37,21
20240614,동북권,광진구,37,21
20240614,서남권,구로구,36,22
20240614,서남권,금천구,32,19
20240614,동북권,노원구,34,20
20240614,동북권,도봉구,30,17
20240614,동북권,동대문구,36,20
20240614,서남권,동작구,35,21
20240614,서북권,마포구,34,20
20240614,서북권,서대문구,35,17
20240614,동남권,서초구,44,19
20240614,동북권,성동구,35,21
20240614,동북권,성북구,35,19
20240614,동남권,송파구,41,21
20240614,서남권,양천구,34,21
20240614,서남권,영등포구,32,22
20240614,도심권,용산구,38,22
20240614,서북권,은평구,35,20
20240614,도심권,종로구,34,21
20240614,도심권,중구,27,21
20240614,동북권,중랑구,32,22
20240615,동남권,강남구,27,21
20240615,동남권,강동구,23,16
20240615,동북권,강북구,23,19
20240615,서남권,강서구,24,17
20240615,서남권,관악구,28,18
20240615,동북권,광진구,28,19
20240615,서남권,구로구,25,18
20240615,서남권,금천구,23,16
20240615,동북권,노원구,27,19
20240615,동북권,도봉구,19,16
20240615,동북권,동대문구,27,19
20240615,서남권,동작구,24,17
20240615,서북권,마포구,26,19
20240615,서북권,서대문구,25,15
20240615,동남권,서초구,26,18
20240615,동북권,성동구,28,20
20240615,동북권,성북구,25,17
20240615,동남권,송파구,27,17
20240615,서남권,양천구,23,17
20240615,서남권,영등포구,25,21
20240615,도심권,용산구,29,19
20240615,서북권,은평구,25,19
20240615,도심권,종로구,25,19
20240615,도심권,중구,22,21
20240615,동북권,중랑구,26,21
20240616,동남권,강남구,22,15
20240616,동남권,강동구,21,11
20240616,동북권,강북구,18,12
20240616,서남권,강서구,22,12
20240616,서남권,관악구,27,14
20240616,동북권,광진구,24,12
20240616,서남권,구로구,23,14
20240616,서남권,금천구,21,11
20240616,동북권,노원구,21,13
20240616,동북권,도봉구,17,11
20240616,동북권,동대문구,22,12
20240616,서남권,동작구,23,14
20240616,서북권,마포구,22,12
20240616,서북권,서대문구,23,10
20240616,동남권,서초구,25,13
20240616,동북권,성동구,23,14
20240616,동북권,성북구,22,12
20240616,동남권,송파구,23,12
20240616,서남권,양천구,19,12
20240616,서남권,영등포구,21,14
20240616,도심권,용산구,25,13
20240616,서북권,은평구,23,15
20240616,도심권,종로구,20,12
20240616,도심권,중구,19,14
20240616,동북권,중랑구,21,14
20240617,동남권,강남구,20,12
20240617,동남권,강동구,19,5
20240617,동북권,강북구,17,10
20240617,서남권,강서구,21,10
20240617,서남권,관악구,25,13
20240617,동북권,광진구,22,11
20240617,서남권,구로구,24,13
20240617,서남권,금천구,19,10
20240617,동북권,노원구,20,11
20240617,동북권,도봉구,15,10
20240617,동북권,동대문구,22,11
20240617,서남권,동작구,21,12
20240617,서북권,마포구,23,12
20240617,서북권,서대문구,22,10
20240617,동남권,서초구,26,11
20240617,동북권,성동구,21,13
20240617,동북권,성북구,23,11
20240617,동남권,송파구,22,11
20240617,서남권,양천구,19,11
20240617,서남권,영등포구,21,13
20240617,도심권,용산구,23,13
20240617,서북권,은평구,22,13
20240617,도심권,종로구,20,12
20240617,도심권,중구,16,12
20240617,동북권,중랑구,18,11
20240618,동남권,강남구,25,16
20240618,동남권,강동구,26,10
20240618,동북권,강북구,22,14
20240618,서남권,강서구,24,13
20240618,서남권,관악구,28,14
20240618,동북권,광진구,28,14
20240618,서남권,구로구,29,16
20240618,서남권,금천구,22,11
20240618,동북권,노원구,26,15
20240618,동북권,도봉구,24,14
20240618,동북권,동대문구,27,14
20240618,서남권,동작구,24,13
20240618,서북권,마포구,25,14
20240618,서북권,서대문구,29,14
20240618,동남권,서초구,33,14
20240618,동북권,성동구,25,14
20240618,동북권,성북구,30,14
20240618,동남권,송파구,25,14
20240618,서남권,양천구,21,13
20240618,서남권,영등포구,23,15
20240618,도심권,용산구,28,16
20240618,서북권,은평구,29,17
20240618,도심권,종로구,26,16
20240618,도심권,중구,22,16
20240618,동북권,중랑구,24,16
20240619,동남권,강남구,43,30
20240619,동남권,강동구,39,21
20240619,동북권,강북구,33,24
20240619,서남권,강서구,43,26
20240619,서남권,관악구,48,29
20240619,동북권,광진구,42,26
20240619,서남권,구로구,52,29
20240619,서남권,금천구,38,24
20240619,동북권,노원구,38,24
20240619,동북권,도봉구,36,24
20240619,동북권,동대문구,41,25
20240619,서남권,동작구,42,27
20240619,서북권,마포구,42,26
20240619,서북권,서대문구,43,23
20240619,동남권,서초구,51,27
20240619,동북권,성동구,41,27
20240619,동북권,성북구,43,25
20240619,동남권,송파구,44,26
20240619,서남권,양천구,40,27
20240619,서남권,영등포구,41,30
20240619,도심권,용산구,48,28
20240619,서북권,은평구,43,26
20240619,도심권,종로구,38,25
20240619,도심권,중구,34,26
20240619,동북권,중랑구,34,25
20240620,동남권,강남구,40,30
20240620,동남권,강동구,38,23
20240620,동북권,강북구,35,26
20240620,서남권,강서구,46,30
20240620,서남권,관악구,44,27
20240620,동북권,광진구,43,29
20240620,서남권,구로구,50,29
20240620,서남권,금천구,37,24
20240620,동북권,노원구,40,28
20240620,동북권,도봉구,36,26
20240620,동북권,동대문구,43,28
20240620,서남권,동작구,39,26
20240620,서북권,마포구,46,30
20240620,서북권,서대문구,42,26
20240620,동남권,서초구,45,25
20240620,동북권,성동구,40,28
20240620,동북권,성북구,43,26
20240620,동남권,송파구,47,29
20240620,서남권,양천구,43,29
20240620,서남권,영등포구,40,31
20240620,도심권,용산구,45,30
20240620,서북권,은평구,46,28
20240620,도심권,종로구,39,28
20240620,도심권,중구,36,30
20240620,동북권,중랑구,39,29
20240621,동남권,강남구,37,26
20240621,동남권,강동구,34,19
20240621,동북권,강북구,33,23
20240621,서남권,강서구,37,20
20240621,서남권,관악구,39,22
20240621,동북권,광진구,38,24
20240621,서남권,구로구,42,23
20240621,서남권,금천구,30,18
20240621,동북권,노원구,37,24
20240621,동북권,도봉구,34,21
20240621,동북권,동대문구,38,24
20240621,서남권,동작구,35,21
20240621,서북권,마포구,38,21
20240621,서북권,서대문구,37,20
20240621,동남권,서초구,45,22
20240621,동북권,성동구,38,25
20240621,동북권,성북구,41,21
20240621,동남권,송파구,40,24
20240621,서남권,양천구,34,19
20240621,서남권,영등포구,33,22
20240621,도심권,용산구,41,24
20240621,서북권,은평구,39,21
20240621,도심권,종로구,34,23
20240621,도심권,중구,29,22
20240621,동북권,중랑구,35,26
20240622,동남권,강남구,33,26
20240622,동남권,강동구,27,20
20240622,동북권,강북구,30,23
20240622,서남권,강서구,25,19
20240622,서남권,관악구,30,21
20240622,동북권,광진구,34,24
20240622,서남권,구로구,24,18
20240622,서남권,금천구,21,14
20240622,동북권,노원구,31,23
20240622,동북권,도봉구,26,20
20240622,동북권,동대문구,33,24
20240622,서남권,동작구,28,20
20240622,서북권,마포구,28,21
20240622,서북권,서대문구,26,18
20240622,동남권,서초구,28,19
20240622,동북권,성동구,30,22
20240622,동북권,성북구,31,22
20240622,동남권,송파구,30,20
20240622,서남권,양천구,24,18
20240622,서남권,영등포구,26,21
20240622,도심권,용산구,33,22
20240622,서북권,은평구,25,19
20240622,도심권,종로구,27,22
20240622,도심권,중구,27,24
20240622,동북권,중랑구,33,25
20240623,동남권,강남구,17,11
20240623,동남권,강동구,12,6
20240623,동북권,강북구,14,8
20240623,서남권,강서구,16,9
20240623,서남권,관악구,17,10
20240623,동북권,광진구,17,10
20240623,서남권,구로구,12,9
20240623,서남권,금천구,14,6
20240623,동북권,노원구,17,9
20240623,동북권,도봉구,12,8
20240623,동북권,동대문구,17,10
20240623,서남권,동작구,15,9
20240623,서북권,마포구,16,9
20240623,서북권,서대문구,16,9
20240623,동남권,서초구,15,9
20240623,동북권,성동구,16,10
20240623,동북권,성북구,18,9
20240623,동남권,송파구,17,9
20240623,서남권,양천구,14,8
20240623,서남권,영등포구,15,10
20240623,도심권,용산구,18,10
20240623,서북권,은평구,16,11
20240623,도심권,종로구,13,9
20240623,도심권,중구,13,10
20240623,동북권,중랑구,16,10
20240624,동남권,강남구,57,22
20240624,동남권,강동구,60,19
20240624,동북권,강북구,51,17
20240624,서남권,강서구,46,15
20240624,서남권,관악구,52,20
20240624,동북권,광진구,56,17
20240624,서남권,구로구,46,17
20240624,서남권,금천구,40,16
20240624,동북권,노원구,59,20
20240624,동북권,도봉구,56,21
20240624,동북권,동대문구,57,21
20240624,서남권,동작구,52,19
20240624,서북권,마포구,45,19
20240624,서북권,서대문구,56,21
20240624,동남권,서초구,56,22
20240624,동북권,성동구,51,17
20240624,동북권,성북구,62,21
20240624,동남권,송파구,52,15
20240624,서남권,양천구,41,16
20240624,서남권,영등포구,40,17
20240624,도심권,용산구,57,19
20240624,서북권,은평구,56,28
20240624,도심권,종로구,51,21
20240624,도심권,중구,44,21
20240624,동북권,중랑구,52,21
20240625,동남권,강남구,19,9
20240625,동남권,강동구,18,5
20240625,동북권,강북구,17,8
20240625,서남권,강서구,19,8
20240625,서남권,관악구,21,9
20240625,동북권,광진구,21,8
20240625,서남권,구로구,21,9
20240625,서남권,금천구,17,6
20240625,동북권,노원구,21,9
20240625,동북권,도봉구,16,9
20240625,동북권,동대문구,20,9
20240625,서남권,동작구,21,8
20240625,서북권,마포구,21,9
20240625,서북권,서대문구,23,9
20240625,동남권,서초구,25,8
20240625,동북권,성동구,19,9
20240625,동북권,성북구,24,7
20240625,동남권,송파구,21,8
20240625,서남권,양천구,18,7
20240625,서남권,영등포구,17,8
20240625,도심권,용산구,21,8
20240625,서북권,은평구,22,11
20240625,도심권,종로구,19,10
20240625,도심권,중구,16,9
20240625,동북권,중랑구,17,9
20240626,동남권,강남구,23,14
20240626,동남권,강동구,21,11
20240626,동북권,강북구,19,11
20240626,서남권,강서구,22,10
20240626,서남권,관악구,28,13
20240626,동북권,광진구,26,12
20240626,서남권,구로구,27,12
20240626,서남권,금천구,22,11
20240626,동북권,노원구,23,14
20240626,동북권,도봉구,20,12
20240626,동북권,동대문구,25,13
20240626,서남권,동작구,26,13
20240626,서북권,마포구,24,12
20240626,서북권,서대문구,26,11
20240626,동남권,서초구,31,15
20240626,동북권,성동구,23,13
20240626,동북권,성북구,28,12
20240626,동남권,송파구,27,13
20240626,서남권,양천구,20,10
20240626,서남권,영등포구,21,13
20240626,도심권,용산구,27,14
20240626,서북권,은평구,25,14
20240626,도심권,종로구,24,14
20240626,도심권,중구,21,13
20240626,동북권,중랑구,21,13
20240627,동남권,강남구,28,17
20240627,동남권,강동구,23,12
20240627,동북권,강북구,27,17
20240627,서남권,강서구,33,17
20240627,서남권,관악구,35,17
20240627,동북권,광진구,30,15
20240627,서남권,구로구,40,21
20240627,서남권,금천구,27,15
20240627,동북권,노원구,27,17
20240627,동북권,도봉구,25,15
20240627,동북권,동대문구,31,16
20240627,서남권,동작구,27,14
20240627,서북권,마포구,34,19
20240627,서북권,서대문구,33,16
20240627,동남권,서초구,33,16
20240627,동북권,성동구,29,16
20240627,동북권,성북구,34,15
20240627,동남권,송파구,31,16
20240627,서남권,양천구,32,18
20240627,서남권,영등포구,30,19
20240627,도심권,용산구,31,16
20240627,서북권,은평구,39,21
20240627,도심권,종로구,27,17
20240627,도심권,중구,24,17
20240627,동북권,중랑구,25,15
20240628,동남권,강남구,39,28
20240628,동남권,강동구,36,24
20240628,동북권,강북구,34,24
20240628,서남권,강서구,36,23
20240628,서남권,관악구,47,28
20240628,동북권,광진구,37,25
20240628,서남권,구로구,47,27
20240628,서남권,금천구,39,26
20240628,동북권,노원구,40,26
20240628,동북권,도봉구,34,22
20240628,동북권,동대문구,39,25
20240628,서남권,동작구,41,28
20240628,서북권,마포구,40,25
20240628,서북권,서대문구,39,21
20240628,동남권,서초구,49,28
20240628,동북권,성동구,38,26
20240628,동북권,성북구,41,24
20240628,동남권,송파구,44,26
20240628,서남권,양천구,36,23
20240628,서남권,영등포구,36,27
20240628,도심권,용산구,42,27
20240628,서북권,은평구,40,23
20240628,도심권,종로구,37,26
20240628,도심권,중구,32,25
20240628,동북권,중랑구,34,25
20240629,동남권,강남구,31,23
20240629,동남권,강동구,23,17
20240629,동북권,강북구,28,21
20240629,서남권,강서구,27,18
20240629,서남권,관악구,32,20
20240629,동북권,광진구,31,21
20240629,서남권,구로구,29,18
20240629,서남권,금천구,25,16
20240629,동북권,노원구,33,21
20240629,동북권,도봉구,24,18
20240629,동북권,동대문구,31,21
20240629,서남권,동작구,30,20
20240629,서북권,마포구,30,20
20240629,서북권,서대문구,28,16
20240629,동남권,서초구,29,20
20240629,동북권,성동구,30,21
20240629,동북권,성북구,32,18
20240629,동남권,송파구,34,20
20240629,서남권,양천구,27,19
20240629,서남권,영등포구,28,22
20240629,도심권,용산구,32,22
20240629,서북권,은평구,28,19
20240629,도심권,종로구,28,21
20240629,도심권,중구,25,21
20240629,동북권,중랑구,27,21
20240630,동남권,강남구,19,13
20240630,동남권,강동구,15,11
20240630,동북권,강북구,18,11
20240630,서남권,강서구,23,13
20240630,서남권,관악구,24,13
20240630,동북권,광진구,20,12
20240630,서남권,구로구,17,11
20240630,서남권,금천구,20,10
20240630,동북권,노원구,22,13
20240630,동북권,도봉구,16,10
20240630,동북권,동대문구,21,12
20240630,서남권,동작구,20,12
20240630,서북권,마포구,22,13
20240630,서북권,서대문구,20,11
20240630,동남권,서초구,18,11
20240630,동북권,성동구,19,12
20240630,동북권,성북구,22,13
20240630,동남권,송파구,20,11
20240630,서남권,양천구,18,12
20240630,서남권,영등포구,19,13
20240630,도심권,용산구,21,12
20240630,서북권,은평구,20,14
20240630,도심권,종로구,18,12
20240630,도심권,중구,17,12
20240630,동북권,중랑구,20,13
20240701,동남권,강남구,29,18
20240701,동남권,강동구,26,17
20240701,동북권,강북구,23,13
20240701,서남권,강서구,25,16
20240701,서남권,관악구,30,17
20240701,동북권,광진구,27,16
20240701,서남권,구로구,28,17
20240701,서남권,금천구,24,13
20240701,동북권,노원구,28,15
20240701,동북권,도봉구,19,13
20240701,동북권,동대문구,29,15
20240701,서남권,동작구,27,17
20240701,서북권,마포구,25,15
20240701,서북권,서대문구,27,13
20240701,동남권,서초구,30,16
20240701,동북권,성동구,26,17
20240701,동북권,성북구,27,16
20240701,동남권,송파구,29,16
20240701,서남권,양천구,22,14
20240701,서남권,영등포구,23,14
20240701,도심권,용산구,28,17
20240701,서북권,은평구,27,17
20240701,도심권,종로구,24,15
20240701,도심권,중구,23,15
20240701,동북권,중랑구,26,16
20240702,동남권,강남구,19,12
20240702,동남권,강동구,15,9
20240702,동북권,강북구,17,9
20240702,서남권,강서구,16,9
20240702,서남권,관악구,21,11
20240702,동북권,광진구,19,10
20240702,서남권,구로구,14,9
20240702,서남권,금천구,17,8
20240702,동북권,노원구,18,10
20240702,동북권,도봉구,14,8
20240702,동북권,동대문구,19,10
20240702,서남권,동작구,19,11
20240702,서북권,마포구,17,10
20240702,서북권,서대문구,14,7
20240702,동남권,서초구,17,9
20240702,동북권,성동구,17,11
20240702,동북권,성북구,18,10
20240702,동남권,송파구,19,9
20240702,서남권,양천구,16,9
20240702,서남권,영등포구,18,12
20240702,도심권,용산구,18,10
20240702,서북권,은평구,16,9
20240702,도심권,종로구,16,10
20240702,도심권,중구,15,11
20240702,동북권,중랑구,17,11
20240703,동남권,강남구,28,17
20240703,동남권,강동구,39,22
20240703,동북권,강북구,22,13
20240703,서남권,강서구,26,15
20240703,서남권,관악구,31,16
20240703,동북권,광진구,26,16
20240703,서남권,구로구,27,15
20240703,서남권,금천구,30,16
20240703,동북권,노원구,26,14
20240703,동북권,도봉구,20,13
20240703,동북권,동대문구,28,15
20240703,서남권,동작구,29,18
20240703,서북권,마포구,24,14
20240703,서북권,서대문구,25,13
20240703,동남권,서초구,29,17
20240703,동북권,성동구,25,16
20240703,동북권,성북구,25,16
20240703,동남권,송파구,27,17
20240703,서남권,양천구,21,14
20240703,서남권,영등포구,24,16
20240703,도심권,용산구,30,19
20240703,서북권,은평구,27,18
20240703,도심권,종로구,26,16
20240703,도심권,중구,23,15
20240703,동북권,중랑구,27,15
20240704,동남권,강남구,40,32
20240704,동남권,강동구,37,39
20240704,동북권,강북구,34,27
20240704,서남권,강서구,39,30
20240704,서남권,관악구,41,29
20240704,동북권,광진구,39,30
20240704,서남권,구로구,37,29
20240704,서남권,금천구,36,26
20240704,동북권,노원구,40,29
20240704,동북권,도봉구,32,27
20240704,동북권,동대문구,40,30
20240704,서남권,동작구,38,30
20240704,서북권,마포구,37,28
20240704,서북권,서대문구,37,26
20240704,동남권,서초구,41,29
20240704,동북권,성동구,38,30
20240704,동북권,성북구,41,31
20240704,동남권,송파구,38,28
20240704,서남권,양천구,34,27
20240704,서남권,영등포구,34,31
20240704,도심권,용산구,39,33
20240704,서북권,은평구,39,29
20240704,도심권,종로구,38,29
20240704,도심권,중구,34,30
20240704,동북권,중랑구,39,30
20240705,동남권,강남구,20,12
20240705,동남권,강동구,19,10
20240705,동북권,강북구,16,11
20240705,서남권,강서구,21,12
20240705,서남권,관악구,21,12
20240705,동북권,광진구,19,12
20240705,서남권,구로구,16,10
20240705,서남권,금천구,18,9
20240705,동북권,노원구,22,13
20240705,동북권,도봉구,14,10
20240705,동북권,동대문구,21,12
20240705,서남권,동작구,18,11
20240705,서북권,마포구,19,12
20240705,서북권,서대문구,19,11
20240705,동남권,서초구,18,8
20240705,동북권,성동구,17,10
20240705,동북권,성북구,21,12
20240705,동남권,송파구,18,10
20240705,서남권,양천구,15,11
20240705,서남권,영등포구,18,12
20240705,도심권,용산구,20,11
20240705,서북권,은평구,20,13
20240705,도심권,종로구,18,12
20240705,도심권,중구,15,10
20240705,동북권,중랑구,20,11
20240706,동남권,강남구,30,20
20240706,동남권,강동구,28,18
20240706,동북권,강북구,27,16
20240706,서남권,강서구,29,17
20240706,서남권,관악구,32,18
20240706,동북권,광진구,30,18
20240706,서남권,구로구,27,16
20240706,서남권,금천구,27,14
20240706,동북권,노원구,30,18
20240706,동북권,도봉구,23,16
20240706,동북권,동대문구,31,18
20240706,서남권,동작구,29,17
20240706,서북권,마포구,28,17
20240706,서북권,서대문구,27,15
20240706,동남권,서초구,26,14
20240706,동북권,성동구,29,18
20240706,동북권,성북구,29,18
20240706,동남권,송파구,30,16
20240706,서남권,양천구,23,16
20240706,서남권,영등포구,27,18
20240706,도심권,용산구,30,19
20240706,서북권,은평구,28,20
20240706,도심권,종로구,28,18
20240706,도심권,중구,25,13
20240706,동북권,중랑구,28,17
20240707,동남권,강남구,22,15
20240707,동남권,강동구,22,15
20240707,동북권,강북구,21,14
20240707,서남권,강서구,21,13
20240707,서남권,관악구,24,14
20240707,동북권,광진구,23,14
20240707,서남권,구로구,17,12
20240707,서남권,금천구,22,11
20240707,동북권,노원구,17,15
20240707,동북권,도봉구,19,13
20240707,동북권,동대문구,23,14
20240707,서남권,동작구,22,14
20240707,서북권,마포구,21,13
20240707,서북권,서대문구,21,12
20240707,동남권,서초구,20,11
20240707,동북권,성동구,21,13
20240707,동북권,성북구,23,15
20240707,동남권,송파구,22,12
20240707,서남권,양천구,17,12
20240707,서남권,영등포구,19,13
20240707,도심권,용산구,23,15
20240707,서북권,은평구,22,14
20240707,도심권,종로구,20,13
20240707,도심권,중구,18,8
20240707,동북권,중랑구,22,13
20240708,동남권,강남구,11,7
20240708,동남권,강동구,11,7
20240708,동북권,강북구,9,5
20240708,서남권,강서구,11,7
20240708,서남권,관악구,14,8
20240708,동북권,광진구,13,7
20240708,서남권,구로구,7,5
20240708,서남권,금천구,11,5
20240708,동북권,노원구,14,7
20240708,동북권,도봉구,8,4
20240708,동북권,동대문구,11,6
20240708,서남권,동작구,12,6
20240708,서북권,마포구,12,7
20240708,서북권,서대문구,10,5
20240708,동남권,서초구,9,3
20240708,동북권,성동구,11,7
20240708,동북권,성북구,13,6
20240708,동남권,송파구,13,7
20240708,서남권,양천구,9,6
20240708,서남권,영등포구,11,6
20240708,도심권,용산구,12,7
20240708,서북권,은평구,11,7
20240708,도심권,종로구,10,6
20240708,도심권,중구,8,3
20240708,동북권,중랑구,12,6
20240709,동남권,강남구,14,10
20240709,동남권,강동구,16,9
20240709,동북권,강북구,16,8
20240709,서남권,강서구,15,9
20240709,서남권,관악구,19,10
20240709,동북권,광진구,16,9
20240709,서남권,구로구,13,10
20240709,서남권,금천구,15,7
20240709,동북권,노원구,21,9
20240709,동북권,도봉구,13,7
20240709,동북권,동대문구,15,8
20240709,서남권,동작구,16,9
20240709,서북권,마포구,16,10
20240709,서북권,서대문구,16,8
20240709,동남권,서초구,15,8
20240709,동북권,성동구,15,10
20240709,동북권,성북구,15,10
20240709,동남권,송파구,16,6
20240709,서남권,양천구,13,9
20240709,서남권,영등포구,15,11
20240709,도심권,용산구,16,10
20240709,서북권,은평구,17,11
20240709,도심권,종로구,13,10
20240709,도심권,중구,13,6
20240709,동북권,중랑구,15,8
20240710,동남권,강남구,12,6
20240710,동남권,강동구,11,3
20240710,동북권,강북구,11,5
20240710,서남권,강서구,12,6
20240710,서남권,관악구,15,6
20240710,동북권,광진구,13,6
20240710,서남권,구로구,10,4
20240710,서남권,금천구,11,4
20240710,동북권,노원구,16,7
20240710,동북권,도봉구,8,4
20240710,동북권,동대문구,14,5
20240710,서남권,동작구,14,6
20240710,서북권,마포구,13,6
20240710,서북권,서대문구,11,4
20240710,동남권,서초구,11,3
20240710,동북권,성동구,12,7
20240710,동북권,성북구,12,5
20240710,동남권,송파구,13,5
20240710,서남권,양천구,10,5
20240710,서남권,영등포구,12,7
20240710,도심권,용산구,14,7
20240710,서북권,은평구,12,7
20240710,도심권,종로구,11,6
20240710,도심권,중구,9,4
20240710,동북권,중랑구,13,6
20240711,동남권,강남구,36,28
20240711,동남권,강동구,34,26
20240711,동북권,강북구,33,23
20240711,서남권,강서구,34,26
20240711,서남권,관악구,42,29
20240711,동북권,광진구,37,25
20240711,서남권,구로구,38,29
20240711,서남권,금천구,35,26
20240711,동북권,노원구,39,25
20240711,동북권,도봉구,28,22
20240711,동북권,동대문구,38,27
20240711,서남권,동작구,36,26
20240711,서북권,마포구,35,26
20240711,서북권,서대문구,35,23
20240711,동남권,서초구,39,24
20240711,동북권,성동구,35,27
20240711,동북권,성북구,36,26
20240711,동남권,송파구,37,22
20240711,서남권,양천구,33,28
20240711,서남권,영등포구,35,29
20240711,도심권,용산구,37,29
20240711,서북권,은평구,35,26
20240711,도심권,종로구,34,26
20240711,도심권,중구,30,9
20240711,동북권,중랑구,34,25
20240712,동남권,강남구,39,29
20240712,동남권,강동구,40,31
20240712,동북권,강북구,36,25
20240712,서남권,강서구,35,26
20240712,서남권,관악구,43,29
20240712,동북권,광진구,38,26
20240712,서남권,구로구,42,32
20240712,서남권,금천구,40,28
20240712,동북권,노원구,42,29
20240712,동북권,도봉구,32,24
20240712,동북권,동대문구,39,27
20240712,서남권,동작구,40,28
20240712,서북권,마포구,36,25
20240712,서북권,서대문구,37,25
20240712,동남권,서초구,41,28
20240712,동북권,성동구,36,26
20240712,동북권,성북구,40,27
20240712,동남권,송파구,39,23
20240712,서남권,양천구,35,27
20240712,서남권,영등포구,36,28
20240712,도심권,용산구,39,29
20240712,서북권,은평구,38,26
20240712,도심권,종로구,36,26
20240712,도심권,중구,34,34
20240712,동북권,중랑구,37,26
20240713,동남권,강남구,54,43
20240713,동남권,강동구,48,34
20240713,동북권,강북구,47,38
20240713,서남권,강서구,46,38
20240713,서남권,관악구,54,40
20240713,동북권,광진구,53,41
20240713,서남권,구로구,47,38
20240713,서남권,금천구,48,37
20240713,동북권,노원구,50,39
20240713,동북권,도봉구,42,36
20240713,동북권,동대문구,54,41
20240713,서남권,동작구,50,40
20240713,서북권,마포구,47,37
20240713,서북권,서대문구,45,33
20240713,동남권,서초구,49,35
20240713,동북권,성동구,50,39
20240713,동북권,성북구,47,38
20240713,동남권,송파구,54,39
20240713,서남권,양천구,45,38
20240713,서남권,영등포구,46,41
20240713,도심권,용산구,54,44
20240713,서북권,은평구,47,36
20240713,도심권,종로구,47,39
20240713,도심권,중구,41,38
20240713,동북권,중랑구,52,39
20240714,동남권,강남구,32,26
20240714,동남권,강동구,30,18
20240714,동북권,강북구,32,26
20240714,서남권,강서구,28,23
20240714,서남권,관악구,32,24
20240714,동북권,광진구,33,26
20240714,서남권,구로구,26,20
20240714,서남권,금천구,27,21
20240714,동북권,노원구,33,26
20240714,동북권,도봉구,27,21
20240714,동북권,동대문구,35,26
20240714,서남권,동작구,30,24
20240714,서북권,마포구,31,23
20240714,서북권,서대문구,28,21
20240714,동남권,서초구,26,19
20240714,동북권,성동구,31,24
20240714,동북권,성북구,31,22
20240714,동남권,송파구,32,23
20240714,서남권,양천구,28,24
20240714,서남권,영등포구,30,25
20240714,도심권,용산구,31,24
20240714,서북권,은평구,29,23
20240714,도심권,종로구,30,26
20240714,도심권,중구,26,25
20240714,동북권,중랑구,31,25
20240715,동남권,강남구,12,7
20240715,동남권,강동구,9,4
20240715,동북권,강북구,9,5
20240715,서남권,강서구,13,7
20240715,서남권,관악구,14,7
20240715,동북권,광진구,12,6
20240715,서남권,구로구,9,6
20240715,서남권,금천구,11,5
20240715,동북권,노원구,10,6
20240715,동북권,도봉구,7,3
20240715,동북권,동대문구,12,6
20240715,서남권,동작구,12,7
20240715,서북권,마포구,13,7
20240715,서북권,서대문구,10,5
20240715,동남권,서초구,12,3
20240715,동북권,성동구,10,6
20240715,동북권,성북구,11,4
20240715,동남권,송파구,16,6
20240715,서남권,양천구,11,7
20240715,서남권,영등포구,13,8
20240715,도심권,용산구,12,7
20240715,서북권,은평구,11,7
20240715,도심권,종로구,9,6
20240715,도심권,중구,10,7
20240715,동북권,중랑구,11,6
20240716,동남권,강남구,13,9
20240716,동남권,강동구,11,7
20240716,동북권,강북구,10,5
20240716,서남권,강서구,14,9
20240716,서남권,관악구,16,8
20240716,동북권,광진구,13,7
20240716,서남권,구로구,10,6
20240716,서남권,금천구,13,7
20240716,동북권,노원구,12,6
20240716,동북권,도봉구,7,4
20240716,동북권,동대문구,14,7
20240716,서남권,동작구,14,8
20240716,서북권,마포구,14,9
20240716,서북권,서대문구,13,6
20240716,동남권,서초구,13,4
20240716,동북권,성동구,12,8
20240716,동북권,성북구,14,5
20240716,동남권,송파구,16,7
20240716,서남권,양천구,14,8
20240716,서남권,영등포구,15,10
20240716,도심권,용산구,14,8
20240716,서북권,은평구,13,8
20240716,도심권,종로구,11,7
20240716,도심권,중구,11,8
20240716,동북권,중랑구,11,6
20240717,동남권,강남구,12,6
20240717,동남권,강동구,9,5
20240717,동북권,강북구,8,3
20240717,서남권,강서구,11,4
20240717,서남권,관악구,14,5
20240717,동북권,광진구,12,4
20240717,서남권,구로구,8,3
20240717,서남권,금천구,12,3
20240717,동북권,노원구,11,4
20240717,동북권,도봉구,6,2
20240717,동북권,동대문구,12,4
20240717,서남권,동작구,13,5
20240717,서북권,마포구,11,4
20240717,서북권,서대문구,9,3
20240717,동남권,서초구,9,2
20240717,동북권,성동구,11,5
20240717,동북권,성북구,11,3
20240717,동남권,송파구,13,4
20240717,서남권,양천구,13,5
20240717,서남권,영등포구,12,6
20240717,도심권,용산구,12,6
20240717,서북권,은평구,9,6
20240717,도심권,종로구,10,4
20240717,도심권,중구,9,5
20240717,동북권,중랑구,10,4
20240718,동남권,강남구,10,5
20240718,동남권,강동구,6,4
20240718,동북권,강북구,7,3
20240718,서남권,강서구,9,4
20240718,서남권,관악구,12,5
20240718,동북권,광진구,10,4
20240718,서남권,구로구,7,4
20240718,서남권,금천구,9,3
20240718,동북권,노원구,10,4
20240718,동북권,도봉구,6,3
20240718,동북권,동대문구,11,5
20240718,서남권,동작구,10,5
20240718,서북권,마포구,10,4
20240718,서북권,서대문구,9,4
20240718,동남권,서초구,7,2
20240718,동북권,성동구,9,6
20240718,동북권,성북구,10,5
20240718,동남권,송파구,10,4
20240718,서남권,양천구,9,4
20240718,서남권,영등포구,11,5
20240718,도심권,용산구,10,5
20240718,서북권,은평구,8,6
20240718,도심권,종로구,9,5
20240718,도심권,중구,9,5
20240718,동북권,중랑구,9,4
20240719,동남권,강남구,23,18
20240719,동남권,강동구,20,15
20240719,동북권,강북구,23,16
20240719,서남권,강서구,25,17
20240719,서남권,관악구,28,18
20240719,동북권,광진구,24,15
20240719,서남권,구로구,21,15
20240719,서남권,금천구,22,14
20240719,동북권,노원구,27,18
20240719,동북권,도봉구,18,14
20240719,동북권,동대문구,27,18
20240719,서남권,동작구,23,16
20240719,서북권,마포구,24,17
20240719,서북권,서대문구,23,14
20240719,동남권,서초구,23,13
20240719,동북권,성동구,23,16
20240719,동북권,성북구,24,17
20240719,동남권,송파구,23,14
20240719,서남권,양천구,20,16
20240719,서남권,영등포구,25,18
20240719,도심권,용산구,25,20
20240719,서북권,은평구,24,17
20240719,도심권,종로구,24,18
20240719,도심권,중구,22,18
20240719,동북권,중랑구,24,17
20240720,동남권,강남구,18,11
20240720,동남권,강동구,13,7
20240720,동북권,강북구,16,9
20240720,서남권,강서구,15,9
20240720,서남권,관악구,18,10
20240720,동북권,광진구,17,11
20240720,서남권,구로구,11,6
20240720,서남권,금천구,14,7
20240720,동북권,노원구,18,11
20240720,동북권,도봉구,12,8
20240720,동북권,동대문구,18,10
20240720,서남권,동작구,16,10
20240720,서북권,마포구,16,10
20240720,서북권,서대문구,13,7
20240720,동남권,서초구,13,5
20240720,동북권,성동구,15,10
20240720,동북권,성북구,16,9
20240720,동남권,송파구,17,9
20240720,서남권,양천구,12,9
20240720,서남권,영등포구,16,10
20240720,도심권,용산구,16,9
20240720,서북권,은평구,14,10
20240720,도심권,종로구,15,10
20240720,도심권,중구,13,10
20240720,동북권,중랑구,17,10
20240721,동남권,강남구,18,10
20240721,동남권,강동구,15,10
20240721,동북권,강북구,16,8
20240721,서남권,강서구,18,9
20240721,서남권,관악구,24,11
20240721,동북권,광진구,20,9
20240721,서남권,구로구,15,7
20240721,서남권,금천구,20,8
20240721,동북권,노원구,20,10
20240721,동북권,도봉구,13,7
20240721,동북권,동대문구,21,10
20240721,서남권,동작구,21,11
20240721,서북권,마포구,20,9
20240721,서북권,서대문구,18,7
20240721,동남권,서초구,17,7
20240721,동북권,성동구,19,10
20240721,동북권,성북구,20,9
20240721,동남권,송파구,21,9
20240721,서남권,양천구,13,8
20240721,서남권,영등포구,19,9
20240721,도심권,용산구,20,11
20240721,서북권,은평구,17,11
20240721,도심권,종로구,19,9
20240721,도심권,중구,16,9
20240721,동북권,중랑구,19,10
20240722,동남권,강남구,15,7
20240722,동남권,강동구,10,6
20240722,동북권,강북구,12,5
20240722,서남권,강서구,14,6
20240722,서남권,관악구,17,6
20240722,동북권,광진구,15,7
20240722,서남권,구로구,8,4
20240722,서남권,금천구,14,5
20240722,동북권,노원구,15,7
20240722,동북권,도봉구,8,4
20240722,동북권,동대문구,16,7
20240722,서남권,동작구,16,7
20240722,서북권,마포구,14,6
20240722,서북권,서대문구,12,4
20240722,동남권,서초구,14,4
20240722,동북권,성동구,14,8
20240722,동북권,성북구,15,5
20240722,동남권,송파구,15,6
20240722,서남권,양천구,10,6
20240722,서남권,영등포구,15,7
20240722,도심권,용산구,15,8
20240722,서북권,은평구,13,7
20240722,도심권,종로구,13,6
20240722,도심권,중구,13,7
20240722,동북권,중랑구,14,6
20240723,동남권,강남구,11,6
20240723,동남권,강동구,10,5
20240723,동북권,강북구,10,5
20240723,서남권,강서구,10,6
20240723,서남권,관악구,14,5
20240723,동북권,광진구,13,6
20240723,서남권,구로구,7,4
20240723,서남권,금천구,12,3
20240723,동북권,노원구,13,7
20240723,동북권,도봉구,7,4
20240723,동북권,동대문구,13,6
20240723,서남권,동작구,12,5
20240723,서북권,마포구,13,6
20240723,서북권,서대문구,11,4
20240723,동남권,서초구,9,3
20240723,동북권,성동구,11,6
20240723,동북권,성북구,12,6
20240723,동남권,송파구,13,6
20240723,서남권,양천구,10,5
20240723,서남권,영등포구,13,7
20240723,도심권,용산구,12,6
20240723,서북권,은평구,12,8
20240723,도심권,종로구,11,6
20240723,도심권,중구,11,6
20240723,동북권,중랑구,12,6
20240724,동남권,강남구,16,8
20240724,동남권,강동구,12,6
20240724,동북권,강북구,12,6
20240724,서남권,강서구,12,5
20240724,서남권,관악구,19,7
20240724,동북권,광진구,16,7
20240724,서남권,구로구,10,5
20240724,서남권,금천구,17,4
20240724,동북권,노원구,16,7
20240724,동북권,도봉구,9,3
20240724,동북권,동대문구,16,7
20240724,서남권,동작구,14,7
20240724,서북권,마포구,16,7
20240724,서북권,서대문구,12,3
20240724,동남권,서초구,13,6
20240724,동북권,성동구,15,8
20240724,동북권,성북구,14,5
20240724,동남권,송파구,18,7
20240724,서남권,양천구,11,5
20240724,서남권,영등포구,15,7
20240724,도심권,용산구,15,8
20240724,서북권,은평구,13,9
20240724,도심권,종로구,14,8
20240724,도심권,중구,12,6
20240724,동북권,중랑구,15,7
20240725,동남권,강남구,19,10
20240725,동남권,강동구,15,8
20240725,동북권,강북구,20,9
20240725,서남권,강서구,18,9
20240725,서남권,관악구,22,9
20240725,동북권,광진구,20,8
20240725,서남권,구로구,15,7
20240725,서남권,금천구,19,7
20240725,동북권,노원구,21,10
20240725,동북권,도봉구,15,8
20240725,동북권,동대문구,23,11
20240725,서남권,동작구,21,10
20240725,서북권,마포구,22,10
20240725,서북권,서대문구,18,7
20240725,동남권,서초구,20,9
20240725,동북권,성동구,20,9
20240725,동북권,성북구,19,9
20240725,동남권,송파구,22,8
20240725,서남권,양천구,16,8
20240725,서남권,영등포구,21,11
20240725,도심권,용산구,21,10
20240725,서북권,은평구,20,12
20240725,도심권,종로구,20,10
20240725,도심권,중구,18,10
20240725,동북권,중랑구,19,8
20240726,동남권,강남구,15,9
20240726,동남권,강동구,10,7
20240726,동북권,강북구,17,8
20240726,서남권,강서구,13,8
20240726,서남권,관악구,18,9
20240726,동북권,광진구,15,7
20240726,서남권,구로구,11,6
20240726,서남권,금천구,17,7
20240726,동북권,노원구,17,8
20240726,동북권,도봉구,11,7
20240726,동북권,동대문구,17,9
20240726,서남권,동작구,16,9
20240726,서북권,마포구,16,9
20240726,서북권,서대문구,13,6
20240726,동남권,서초구,13,7
20240726,동북권,성동구,15,7
20240726,동북권,성북구,15,6
20240726,동남권,송파구,18,7
20240726,서남권,양천구,11,8
20240726,서남권,영등포구,16,9
20240726,도심권,용산구,17,9
20240726,서북권,은평구,15,10
20240726,도심권,종로구,14,9
20240726,도심권,중구,13,9
20240726,동북권,중랑구,15,7
20240727,동남권,강남구,15,8
20240727,동남권,강동구,13,8
20240727,동북권,강북구,18,7
20240727,서남권,강서구,14,8
20240727,서남권,관악구,18,9
20240727,동북권,광진구,17,8
20240727,서남권,구로구,11,7
20240727,서남권,금천구,14,6
20240727,동북권,노원구,17,8
20240727,동북권,도봉구,10,6
20240727,동북권,동대문구,18,9
20240727,서남권,동작구,17,8
20240727,서북권,마포구,18,9
20240727,서북권,서대문구,15,5
20240727,동남권,서초구,13,5
20240727,동북권,성동구,16,8
20240727,동북권,성북구,15,7
20240727,동남권,송파구,18,7
20240727,서남권,양천구,13,8
20240727,서남권,영등포구,16,9
20240727,도심권,용산구,17,9
20240727,서북권,은평구,14,10
20240727,도심권,종로구,15,8
20240727,도심권,중구,15,8
20240727,동북권,중랑구,16,7
20240728,동남권,강남구,17,8
20240728,동남권,강동구,15,7
20240728,동북권,강북구,18,6
20240728,서남권,강서구,15,7
20240728,서남권,관악구,20,8
20240728,동북권,광진구,19,8
20240728,서남권,구로구,13,4
20240728,서남권,금천구,15,5
20240728,동북권,노원구,18,7
20240728,동북권,도봉구,12,5
20240728,동북권,동대문구,18,8
20240728,서남권,동작구,18,7
20240728,서북권,마포구,19,8
20240728,서북권,서대문구,15,5
20240728,동남권,서초구,14,6
20240728,동북권,성동구,17,8
20240728,동북권,성북구,17,6
20240728,동남권,송파구,20,7
20240728,서남권,양천구,13,7
20240728,서남권,영등포구,17,8
20240728,도심권,용산구,17,7
20240728,서북권,은평구,16,9
20240728,도심권,종로구,15,6
20240728,도심권,중구,15,6
20240728,동북권,중랑구,19,7
20240729,동남권,강남구,19,9
20240729,동남권,강동구,18,9
20240729,동북권,강북구,21,9
20240729,서남권,강서구,21,9
20240729,서남권,관악구,24,8
20240729,동북권,광진구,23,9
20240729,서남권,구로구,16,5
20240729,서남권,금천구,20,6
20240729,동북권,노원구,24,10
20240729,동북권,도봉구,16,7
20240729,동북권,동대문구,26,10
20240729,서남권,동작구,18,5
20240729,서북권,마포구,23,10
20240729,서북권,서대문구,20,5
20240729,동남권,서초구,19,8
20240729,동북권,성동구,21,9
20240729,동북권,성북구,20,8
20240729,동남권,송파구,24,9
20240729,서남권,양천구,17,8
20240729,서남권,영등포구,21,9
20240729,도심권,용산구,22,9
20240729,서북권,은평구,22,12
20240729,도심권,종로구,22,8
20240729,도심권,중구,21,8
20240729,동북권,중랑구,23,8
20240730,동남권,강남구,21,12
20240730,동남권,강동구,25,14
20240730,동북권,강북구,23,14
20240730,서남권,강서구,27,14
20240730,서남권,관악구,27,12
20240730,동북권,광진구,25,13
20240730,서남권,구로구,22,9
20240730,서남권,금천구,24,9
20240730,동북권,노원구,27,14
20240730,동북권,도봉구,18,11
20240730,동북권,동대문구,29,14
20240730,서남권,동작구,,
20240730,서북권,마포구,26,13
20240730,서북권,서대문구,23,10
20240730,동남권,서초구,25,11
20240730,동북권,성동구,24,13
20240730,동북권,성북구,27,12
20240730,동남권,송파구,27,15
20240730,서남권,양천구,14,11
20240730,서남권,영등포구,23,13
20240730,도심권,용산구,27,14
20240730,서북권,은평구,25,15
20240730,도심권,종로구,24,13
20240730,도심권,중구,22,12
20240730,동북권,중랑구,25,14
20240731,동남권,강남구,17,10
20240731,동남권,강동구,16,9
20240731,동북권,강북구,17,10
20240731,서남권,강서구,18,7
20240731,서남권,관악구,19,8
20240731,동북권,광진구,17,9
20240731,서남권,구로구,12,6
20240731,서남권,금천구,15,5
20240731,동북권,노원구,19,9
20240731,동북권,도봉구,11,6
20240731,동북권,동대문구,20,9
20240731,서남권,동작구,16,7
20240731,서북권,마포구,18,8
20240731,서북권,서대문구,15,5
20240731,동남권,서초구,15,6
20240731,동북권,성동구,16,8
20240731,동북권,성북구,16,7
20240731,동남권,송파구,19,9
20240731,서남권,양천구,12,7
20240731,서남권,영등포구,16,9
20240731,도심권,용산구,18,10
20240731,서북권,은평구,16,9
20240731,도심권,종로구,16,8
20240731,도심권,중구,15,8
20240731,동북권,중랑구,18,8
20240801,동남권,강남구,20,12
20240801,동남권,강동구,16,9
20240801,동북권,강북구,14,6
20240801,서남권,강서구,18,9
20240801,서남권,관악구,23,10
20240801,동북권,광진구,20,10
20240801,서남권,구로구,14,7
20240801,서남권,금천구,19,7
20240801,동북권,노원구,20,10
20240801,동북권,도봉구,13,6
20240801,동북권,동대문구,23,11
20240801,서남권,동작구,20,10
20240801,서북권,마포구,20,9
20240801,서북권,서대문구,18,6
20240801,동남권,서초구,19,7
20240801,동북권,성동구,20,12
20240801,동북권,성북구,18,7
20240801,동남권,송파구,22,11
20240801,서남권,양천구,13,8
20240801,서남권,영등포구,18,9
20240801,도심권,용산구,22,13
20240801,서북권,은평구,18,10
20240801,도심권,종로구,18,10
20240801,도심권,중구,17,9
20240801,동북권,중랑구,20,10
20240802,동남권,강남구,30,19
20240802,동남권,강동구,25,18
20240802,동북권,강북구,34,26
20240802,서남권,강서구,26,17
20240802,서남권,관악구,34,17
20240802,동북권,광진구,30,18
20240802,서남권,구로구,20,11
20240802,서남권,금천구,28,14
20240802,동북권,노원구,27,16
20240802,동북권,도봉구,19,12
20240802,동북권,동대문구,33,19
20240802,서남권,동작구,29,16
20240802,서북권,마포구,30,17
20240802,서북권,서대문구,24,13
20240802,동남권,서초구,26,13
20240802,동북권,성동구,27,17
20240802,동북권,성북구,27,16
20240802,동남권,송파구,30,18
20240802,서남권,양천구,24,16
20240802,서남권,영등포구,26,16
20240802,도심권,용산구,27,22
20240802,서북권,은평구,26,18
20240802,도심권,종로구,27,17
20240802,도심권,중구,26,17
20240802,동북권,중랑구,27,17
20240803,동남권,강남구,34,27
20240803,동남권,강동구,32,23
20240803,동북권,강북구,32,26
20240803,서남권,강서구,27,22
20240803,서남권,관악구,32,22
20240803,동북권,광진구,34,26
20240803,서남권,구로구,25,18
20240803,서남권,금천구,27,18
20240803,동북권,노원구,33,26
20240803,동북권,도봉구,24,19
20240803,동북권,동대문구,39,29
20240803,서남권,동작구,30,21
20240803,서북권,마포구,33,24
20240803,서북권,서대문구,31,18
20240803,동남권,서초구,29,19
20240803,동북권,성동구,33,26
20240803,동북권,성북구,31,23
20240803,동남권,송파구,34,24
20240803,서남권,양천구,24,21
20240803,서남권,영등포구,28,24
20240803,도심권,용산구,35,31
20240803,서북권,은평구,32,21
20240803,도심권,종로구,33,26
20240803,도심권,중구,29,26
20240803,동북권,중랑구,37,27
20240804,동남권,강남구,33,26
20240804,동남권,강동구,26,22
20240804,동북권,강북구,32,27
20240804,서남권,강서구,24,20
20240804,서남권,관악구,31,22
20240804,동북권,광진구,35,27
20240804,서남권,구로구,24,17
20240804,서남권,금천구,28,20
20240804,동북권,노원구,32,25
20240804,동북권,도봉구,24,18
20240804,동북권,동대문구,36,26
20240804,서남권,동작구,29,21
20240804,서북권,마포구,29,21
20240804,서북권,서대문구,27,17
20240804,동남권,서초구,24,16
20240804,동북권,성동구,31,26
20240804,동북권,성북구,29,20
20240804,동남권,송파구,33,25
20240804,서남권,양천구,22,19
20240804,서남권,영등포구,27,22
20240804,도심권,용산구,33,27
20240804,서북권,은평구,26,21
20240804,도심권,종로구,29,24
20240804,도심권,중구,27,24
20240804,동북권,중랑구,34,26
20240805,동남권,강남구,31,24
20240805,동남권,강동구,21,18
20240805,동북권,강북구,28,24
20240805,서남권,강서구,28,23
20240805,서남권,관악구,35,24
20240805,동북권,광진구,27,21
20240805,서남권,구로구,27,19
20240805,서남권,금천구,35,28
20240805,동북권,노원구,27,21
20240805,동북권,도봉구,19,17
20240805,동북권,동대문구,30,22
20240805,서남권,동작구,31,23
20240805,서북권,마포구,31,23
20240805,서북권,서대문구,24,17
20240805,동남권,서초구,28,19
20240805,동북권,성동구,27,21
20240805,동북권,성북구,24,16
20240805,동남권,송파구,30,22
20240805,서남권,양천구,26,22
20240805,서남권,영등포구,30,27
20240805,도심권,용산구,30,27
20240805,서북권,은평구,27,20
20240805,도심권,종로구,27,22
20240805,도심권,중구,26,23
20240805,동북권,중랑구,26,20
20240806,동남권,강남구,17,11
20240806,동남권,강동구,16,9
20240806,동북권,강북구,17,10
20240806,서남권,강서구,15,9
20240806,서남권,관악구,20,10
20240806,동북권,광진구,18,10
20240806,서남권,구로구,14,8
20240806,서남권,금천구,25,13
20240806,동북권,노원구,19,12
20240806,동북권,도봉구,10,8
20240806,동북권,동대문구,18,10
20240806,서남권,동작구,18,10
20240806,서북권,마포구,18,10
20240806,서북권,서대문구,16,8
20240806,동남권,서초구,15,7
20240806,동북권,성동구,16,11
20240806,동북권,성북구,16,9
20240806,동남권,송파구,19,10
20240806,서남권,양천구,13,9
20240806,서남권,영등포구,17,11
20240806,도심권,용산구,17,12
20240806,서북권,은평구,16,10
20240806,도심권,종로구,14,10
20240806,도심권,중구,12,9
20240806,동북권,중랑구,16,9
20240807,동남권,강남구,24,17
20240807,동남권,강동구,19,13
20240807,동북권,강북구,17,10
20240807,서남권,강서구,17,11
20240807,서남권,관악구,20,11
20240807,동북권,광진구,23,14
20240807,서남권,구로구,14,9
20240807,서남권,금천구,19,11
20240807,동북권,노원구,20,13
20240807,동북권,도봉구,11,7
20240807,동북권,동대문구,22,13
20240807,서남권,동작구,20,12
20240807,서북권,마포구,19,11
20240807,서북권,서대문구,15,7
20240807,동남권,서초구,16,8
20240807,동북권,성동구,20,13
20240807,동북권,성북구,15,8
20240807,동남권,송파구,25,15
20240807,서남권,양천구,12,9
20240807,서남권,영등포구,18,13
20240807,도심권,용산구,20,14
20240807,서북권,은평구,15,10
20240807,도심권,종로구,17,12
20240807,도심권,중구,15,11
20240807,동북권,중랑구,20,14
20240808,동남권,강남구,22,16
20240808,동남권,강동구,19,14
20240808,동북권,강북구,22,15
20240808,서남권,강서구,21,14
20240808,서남권,관악구,22,14
20240808,동북권,광진구,23,15
20240808,서남권,구로구,16,11
20240808,서남권,금천구,19,11
20240808,동북권,노원구,22,16
20240808,동북권,도봉구,16,11
20240808,동북권,동대문구,23,16
20240808,서남권,동작구,20,13
20240808,서북권,마포구,22,14
20240808,서북권,서대문구,19,11
20240808,동남권,서초구,18,12
20240808,동북권,성동구,21,15
20240808,동북권,성북구,20,12
20240808,동남권,송파구,22,15
20240808,서남권,양천구,20,15
20240808,서남권,영등포구,20,16
20240808,도심권,용산구,22,15
20240808,서북권,은평구,19,14
20240808,도심권,종로구,19,15
20240808,도심권,중구,16,13
20240808,동북권,중랑구,22,15
20240809,동남권,강남구,32,22
20240809,동남권,강동구,28,19
20240809,동북권,강북구,25,17
20240809,서남권,강서구,24,18
20240809,서남권,관악구,33,21
20240809,동북권,광진구,31,21
20240809,서남권,구로구,26,19
20240809,서남권,금천구,29,19
20240809,동북권,노원구,27,18
20240809,동북권,도봉구,19,13
20240809,동북권,동대문구,31,21
20240809,서남권,동작구,30,21
20240809,서북권,마포구,28,19
20240809,서북권,서대문구,24,13
20240809,동남권,서초구,32,17
20240809,동북권,성동구,29,21
20240809,동북권,성북구,27,16
20240809,동남권,송파구,33,23
20240809,서남권,양천구,21,17
20240809,서남권,영등포구,26,20
20240809,도심권,용산구,30,24
20240809,서북권,은평구,23,15
20240809,도심권,종로구,26,19
20240809,도심권,중구,23,18
20240809,동북권,중랑구,28,19
20240810,동남권,강남구,35,27
20240810,동남권,강동구,30,23
20240810,동북권,강북구,30,23
20240810,서남권,강서구,31,25
20240810,서남권,관악구,39,27
20240810,동북권,광진구,34,24
20240810,서남권,구로구,31,24
20240810,서남권,금천구,33,24
20240810,동북권,노원구,33,24
20240810,동북권,도봉구,24,18
20240810,동북권,동대문구,37,26
20240810,서남권,동작구,34,24
20240810,서북권,마포구,34,25
20240810,서북권,서대문구,28,19
20240810,동남권,서초구,33,22
20240810,동북권,성동구,34,26
20240810,동북권,성북구,31,20
20240810,동남권,송파구,37,26
20240810,서남권,양천구,28,23
20240810,서남권,영등포구,32,27
20240810,도심권,용산구,36,28
20240810,서북권,은평구,28,22
20240810,도심권,종로구,31,24
20240810,도심권,중구,26,23
20240810,동북권,중랑구,33,25
20240811,동남권,강남구,32,26
20240811,동남권,강동구,23,19
20240811,동북권,강북구,30,25
20240811,서남권,강서구,24,21
20240811,서남권,관악구,30,21
20240811,동북권,광진구,31,23
20240811,서남권,구로구,23,17
20240811,서남권,금천구,26,19
20240811,동북권,노원구,31,24
20240811,동북권,도봉구,24,19
20240811,동북권,동대문구,35,26
20240811,서남권,동작구,29,22
20240811,서북권,마포구,30,22
20240811,서북권,서대문구,26,17
20240811,동남권,서초구,25,17
20240811,동북권,성동구,31,24
20240811,동북권,성북구,28,20
20240811,동남권,송파구,32,23
20240811,서남권,양천구,23,19
20240811,서남권,영등포구,26,22
20240811,도심권,용산구,32,27
20240811,서북권,은평구,26,18
20240811,도심권,종로구,27,23
20240811,도심권,중구,25,23
20240811,동북권,중랑구,29,23
20240812,동남권,강남구,32,24
20240812,동남권,강동구,26,19
20240812,동북권,강북구,29,23
20240812,서남권,강서구,21,16
20240812,서남권,관악구,27,18
20240812,동북권,광진구,31,23
20240812,서남권,구로구,22,14
20240812,서남권,금천구,25,16
20240812,동북권,노원구,30,23
20240812,동북권,도봉구,22,17
20240812,동북권,동대문구,33,23
20240812,서남권,동작구,26,18
20240812,서북권,마포구,26,18
20240812,서북권,서대문구,24,15
20240812,동남권,서초구,26,14
20240812,동북권,성동구,29,21
20240812,동북권,성북구,26,17
20240812,동남권,송파구,34,23
20240812,서남권,양천구,19,16
20240812,서남권,영등포구,25,17
20240812,도심권,용산구,32,25
20240812,서북권,은평구,25,17
20240812,도심권,종로구,27,21
20240812,도심권,중구,23,20
20240812,동북권,중랑구,30,23
20240813,동남권,강남구,30,22
20240813,동남권,강동구,24,18
20240813,동북권,강북구,21,15
20240813,서남권,강서구,25,16
20240813,서남권,관악구,30,18
20240813,동북권,광진구,28,20
20240813,서남권,구로구,22,15
20240813,서남권,금천구,26,17
20240813,동북권,노원구,27,18
20240813,동북권,도봉구,18,12
20240813,동북권,동대문구,27,19
20240813,서남권,동작구,26,17
20240813,서북권,마포구,29,18
20240813,서북권,서대문구,21,11
20240813,동남권,서초구,27,14
20240813,동북권,성동구,26,19
20240813,동북권,성북구,23,14
20240813,동남권,송파구,33,23
20240813,서남권,양천구,20,16
20240813,서남권,영등포구,26,18
20240813,도심권,용산구,29,21
20240813,서북권,은평구,20,14
20240813,도심권,종로구,22,17
20240813,도심권,중구,20,16
20240813,동북권,중랑구,26,19
20240814,동남권,강남구,27,20
20240814,동남권,강동구,20,15
20240814,동북권,강북구,24,17
20240814,서남권,강서구,28,19
20240814,서남권,관악구,28,17
20240814,동북권,광진구,24,16
20240814,서남권,구로구,23,15
20240814,서남권,금천구,26,16
20240814,동북권,노원구,24,17
20240814,동북권,도봉구,16,12
20240814,동북권,동대문구,28,19
20240814,서남권,동작구,24,17
20240814,서북권,마포구,27,18
20240814,서북권,서대문구,22,12
20240814,동남권,서초구,25,14
20240814,동북권,성동구,24,17
20240814,동북권,성북구,23,14
20240814,동남권,송파구,28,17
20240814,서남권,양천구,22,17
20240814,서남권,영등포구,26,18
20240814,도심권,용산구,26,21
20240814,서북권,은평구,23,16
20240814,도심권,종로구,23,18
20240814,도심권,중구,20,17
20240814,동북권,중랑구,25,17
20240815,동남권,강남구,25,18
20240815,동남권,강동구,17,12
20240815,동북권,강북구,22,15
20240815,서남권,강서구,25,18
20240815,서남권,관악구,26,17
20240815,동북권,광진구,22,15
20240815,서남권,구로구,20,17
20240815,서남권,금천구,23,15
20240815,동북권,노원구,20,14
20240815,동북권,도봉구,14,11
20240815,동북권,동대문구,24,17
20240815,서남권,동작구,23,17
20240815,서북권,마포구,26,17
20240815,서북권,서대문구,21,12
20240815,동남권,서초구,23,14
20240815,동북권,성동구,23,17
20240815,동북권,성북구,19,12
20240815,동남권,송파구,26,17
20240815,서남권,양천구,21,18
20240815,서남권,영등포구,24,18
20240815,도심권,용산구,27,19
20240815,서북권,은평구,20,14
20240815,도심권,종로구,21,16
20240815,도심권,중구,19,15
20240815,동북권,중랑구,20,14
20240816,동남권,강남구,26,17
20240816,동남권,강동구,18,11
20240816,동북권,강북구,20,15
20240816,서남권,강서구,22,16
20240816,서남권,관악구,25,16
20240816,동북권,광진구,22,14
20240816,서남권,구로구,17,12
20240816,서남권,금천구,22,13
20240816,동북권,노원구,20,13
20240816,동북권,도봉구,14,10
20240816,동북권,동대문구,24,15
20240816,서남권,동작구,24,16
20240816,서북권,마포구,24,15
20240816,서북권,서대문구,19,11
20240816,동남권,서초구,21,14
20240816,동북권,성동구,22,14
20240816,동북권,성북구,19,12
20240816,동남권,송파구,23,15
20240816,서남권,양천구,19,16
20240816,서남권,영등포구,22,15
20240816,도심권,용산구,24,17
20240816,서북권,은평구,19,14
20240816,도심권,종로구,19,15
20240816,도심권,중구,19,15
20240816,동북권,중랑구,22,14
20240817,동남권,강남구,21,16
20240817,동남권,강동구,17,12
20240817,동북권,강북구,21,16
20240817,서남권,강서구,26,19
20240817,서남권,관악구,25,17
20240817,동북권,광진구,22,14
20240817,서남권,구로구,18,13
20240817,서남권,금천구,24,16
20240817,동북권,노원구,18,13
20240817,동북권,도봉구,15,11
20240817,동북권,동대문구,24,16
20240817,서남권,동작구,22,16
20240817,서북권,마포구,26,16
20240817,서북권,서대문구,20,11
20240817,동남권,서초구,18,10
20240817,동북권,성동구,21,15
20240817,동북권,성북구,21,13
20240817,동남권,송파구,22,15
20240817,서남권,양천구,23,19
20240817,서남권,영등포구,24,17
20240817,도심권,용산구,23,15
20240817,서북권,은평구,20,14
20240817,도심권,종로구,20,15
20240817,도심권,중구,19,14
20240817,동북권,중랑구,20,14
20240818,동남권,강남구,21,16
20240818,동남권,강동구,14,12
20240818,동북권,강북구,21,14
20240818,서남권,강서구,24,18
20240818,서남권,관악구,26,18
20240818,동북권,광진구,20,12
20240818,서남권,구로구,15,11
20240818,서남권,금천구,23,16
20240818,동북권,노원구,19,13
20240818,동북권,도봉구,13,9
20240818,동북권,동대문구,21,14
20240818,서남권,동작구,21,16
20240818,서북권,마포구,24,17
20240818,서북권,서대문구,17,10
20240818,동남권,서초구,15,9
20240818,동북권,성동구,20,15
20240818,동북권,성북구,17,11
20240818,동남권,송파구,21,15
20240818,서남권,양천구,20,18
20240818,서남권,영등포구,23,18
20240818,도심권,용산구,22,17
20240818,서북권,은평구,18,13
20240818,도심권,종로구,17,14
20240818,도심권,중구,19,14
20240818,동북권,중랑구,18,12
20240819,동남권,강남구,28,19
20240819,동남권,강동구,20,16
20240819,동북권,강북구,25,18
20240819,서남권,강서구,29,23
20240819,서남권,관악구,28,18
20240819,동북권,광진구,25,16
20240819,서남권,구로구,19,13
20240819,서남권,금천구,30,20
20240819,동북권,노원구,25,19
20240819,동북권,도봉구,19,13
20240819,동북권,동대문구,28,18
20240819,서남권,동작구,25,18
20240819,서북권,마포구,26,18
20240819,서북권,서대문구,22,14
20240819,동남권,서초구,21,12
20240819,동북권,성동구,24,17
20240819,동북권,성북구,23,15
20240819,동남권,송파구,27,18
20240819,서남권,양천구,25,20
20240819,서남권,영등포구,27,19
20240819,도심권,용산구,28,19
20240819,서북권,은평구,24,17
20240819,도심권,종로구,23,17
20240819,도심권,중구,22,17
20240819,동북권,중랑구,24,17
20240820,동남권,강남구,27,19
20240820,동남권,강동구,18,14
20240820,동북권,강북구,24,19
20240820,서남권,강서구,26,20
20240820,서남권,관악구,29,19
20240820,동북권,광진구,24,16
20240820,서남권,구로구,19,13
20240820,서남권,금천구,27,18
20240820,동북권,노원구,26,19
20240820,동북권,도봉구,19,13
20240820,동북권,동대문구,28,20
20240820,서남권,동작구,26,18
20240820,서북권,마포구,29,20
20240820,서북권,서대문구,21,12
20240820,동남권,서초구,23,12
20240820,동북권,성동구,26,19
20240820,동북권,성북구,23,15
20240820,동남권,송파구,26,18
20240820,서남권,양천구,25,19
20240820,서남권,영등포구,28,20
20240820,도심권,용산구,28,21
20240820,서북권,은평구,23,16
20240820,도심권,종로구,23,18
20240820,도심권,중구,23,19
20240820,동북권,중랑구,24,18
20240821,동남권,강남구,15,8
20240821,동남권,강동구,10,7
20240821,동북권,강북구,13,7
20240821,서남권,강서구,12,5
20240821,서남권,관악구,16,6
20240821,동북권,광진구,13,6
20240821,서남권,구로구,6,3
20240821,서남권,금천구,13,3
20240821,동북권,노원구,13,6
20240821,동북권,도봉구,10,5
20240821,동북권,동대문구,16,7
20240821,서남권,동작구,13,6
20240821,서북권,마포구,15,6
20240821,서북권,서대문구,11,5
20240821,동남권,서초구,7,2
20240821,동북권,성동구,13,6
20240821,동북권,성북구,12,5
20240821,동남권,송파구,13,6
20240821,서남권,양천구,14,6
20240821,서남권,영등포구,15,6
20240821,도심권,용산구,13,8
20240821,서북권,은평구,11,7
20240821,도심권,종로구,12,6
20240821,도심권,중구,14,7
20240821,동북권,중랑구,12,6
20240822,동남권,강남구,19,8
20240822,동남권,강동구,13,8
20240822,동북권,강북구,16,6
20240822,서남권,강서구,16,6
20240822,서남권,관악구,19,6
20240822,동북권,광진구,17,6
20240822,서남권,구로구,9,2
20240822,서남권,금천구,16,4
20240822,동북권,노원구,16,6
20240822,동북권,도봉구,11,4
20240822,동북권,동대문구,19,7
20240822,서남권,동작구,17,6
20240822,서북권,마포구,19,6
20240822,서북권,서대문구,12,4
20240822,동남권,서초구,11,2
20240822,동북권,성동구,16,7
20240822,동북권,성북구,14,5
20240822,동남권,송파구,17,6
20240822,서남권,양천구,13,5
20240822,서남권,영등포구,16,6
20240822,도심권,용산구,17,8
20240822,서북권,은평구,15,9
20240822,도심권,종로구,16,7
20240822,도심권,중구,16,6
20240822,동북권,중랑구,16,7
20240823,동남권,강남구,35,28
20240823,동남권,강동구,26,22
20240823,동북권,강북구,30,24
20240823,서남권,강서구,29,21
20240823,서남권,관악구,37,28
20240823,동북권,광진구,29,21
20240823,서남권,구로구,21,14
20240823,서남권,금천구,28,18
20240823,동북권,노원구,31,22
20240823,동북권,도봉구,24,18
20240823,동북권,동대문구,34,22
20240823,서남권,동작구,28,20
20240823,서북권,마포구,29,21
20240823,서북권,서대문구,26,17
20240823,동남권,서초구,25,16
20240823,동북권,성동구,28,21
20240823,동북권,성북구,27,18
20240823,동남권,송파구,30,20
20240823,서남권,양천구,25,20
20240823,서남권,영등포구,28,20
20240823,도심권,용산구,31,24
20240823,서북권,은평구,30,20
20240823,도심권,종로구,28,22
20240823,도심권,중구,27,21
20240823,동북권,중랑구,30,22
20240824,동남권,강남구,41,32
20240824,동남권,강동구,41,33
20240824,동북권,강북구,42,33
20240824,서남권,강서구,39,33
20240824,서남권,관악구,44,32
20240824,동북권,광진구,42,32
20240824,서남권,구로구,32,23
20240824,서남권,금천구,40,30
20240824,동북권,노원구,41,32
20240824,동북권,도봉구,35,28
20240824,동북권,동대문구,44,34
20240824,서남권,동작구,39,29
20240824,서북권,마포구,38,31
20240824,서북권,서대문구,33,24
20240824,동남권,서초구,36,25
20240824,동북권,성동구,40,31
20240824,동북권,성북구,38,29
20240824,동남권,송파구,44,35
20240824,서남권,양천구,34,31
20240824,서남권,영등포구,38,30
20240824,도심권,용산구,43,40
20240824,서북권,은평구,36,26
20240824,도심권,종로구,37,32
20240824,도심권,중구,36,31
20240824,동북권,중랑구,42,33
20240825,동남권,강남구,41,33
20240825,동남권,강동구,37,32
20240825,동북권,강북구,38,29
20240825,서남권,강서구,37,31
20240825,서남권,관악구,41,30
20240825,동북권,광진구,41,31
20240825,서남권,구로구,29,22
20240825,서남권,금천구,36,27
20240825,동북권,노원구,38,31
20240825,동북권,도봉구,30,24
20240825,동북권,동대문구,46,35
20240825,서남권,동작구,38,28
20240825,서북권,마포구,39,31
20240825,서북권,서대문구,32,23
20240825,동남권,서초구,34,26
20240825,동북권,성동구,41,32
20240825,동북권,성북구,36,28
20240825,동남권,송파구,40,31
20240825,서남권,양천구,34,30
20240825,서남권,영등포구,36,30
20240825,도심권,용산구,44,40
20240825,서북권,은평구,33,25
20240825,도심권,종로구,37,32
20240825,도심권,중구,36,31
20240825,동북권,중랑구,43,32
20240826,동남권,강남구,41,31
20240826,동남권,강동구,37,30
20240826,동북권,강북구,34,27
20240826,서남권,강서구,36,28
20240826,서남권,관악구,42,33
20240826,동북권,광진구,39,29
20240826,서남권,구로구,29,21
20240826,서남권,금천구,39,28
20240826,동북권,노원구,36,27
20240826,동북권,도봉구,29,20
20240826,동북권,동대문구,42,30
20240826,서남권,동작구,40,28
20240826,서북권,마포구,36,27
20240826,서북권,서대문구,29,21
20240826,동남권,서초구,35,25
20240826,동북권,성동구,39,30
20240826,동북권,성북구,33,25
20240826,동남권,송파구,41,30
20240826,서남권,양천구,34,27
20240826,서남권,영등포구,36,27
20240826,도심권,용산구,42,34
20240826,서북권,은평구,31,22
20240826,도심권,종로구,34,29
20240826,도심권,중구,33,27
20240826,동북권,중랑구,40,29
20240827,동남권,강남구,22,15
20240827,동남권,강동구,20,14
20240827,동북권,강북구,21,11
20240827,서남권,강서구,23,13
20240827,서남권,관악구,21,17
20240827,동북권,광진구,21,13
20240827,서남권,구로구,14,8
20240827,서남권,금천구,22,11
20240827,동북권,노원구,22,14
20240827,동북권,도봉구,18,11
20240827,동북권,동대문구,24,14
20240827,서남권,동작구,23,14
20240827,서북권,마포구,22,12
20240827,서북권,서대문구,17,10
20240827,동남권,서초구,21,10
20240827,동북권,성동구,22,14
20240827,동북권,성북구,19,12
20240827,동남권,송파구,24,13
20240827,서남권,양천구,22,13
20240827,서남권,영등포구,23,14
20240827,도심권,용산구,25,14
20240827,서북권,은평구,16,11
20240827,도심권,종로구,20,14
20240827,도심권,중구,19,12
20240827,동북권,중랑구,21,13
20240828,동남권,강남구,14,8
20240828,동남권,강동구,13,7
20240828,동북권,강북구,15,8
20240828,서남권,강서구,13,8
20240828,서남권,관악구,16,9
20240828,동북권,광진구,14,8
20240828,서남권,구로구,7,5
20240828,서남권,금천구,13,6
20240828,동북권,노원구,15,8
20240828,동북권,도봉구,10,7
20240828,동북권,동대문구,16,8
20240828,서남권,동작구,15,9
20240828,서북권,마포구,15,8
20240828,서북권,서대문구,11,6
20240828,동남권,서초구,13,5
20240828,동북권,성동구,15,9
20240828,동북권,성북구,13,5
20240828,동남권,송파구,15,8
20240828,서남권,양천구,13,8
20240828,서남권,영등포구,16,10
20240828,도심권,용산구,16,8
20240828,서북권,은평구,10,8
20240828,도심권,종로구,12,8
20240828,도심권,중구,12,7
20240828,동북권,중랑구,14,8
20240829,동남권,강남구,11,6
20240829,동남권,강동구,8,5
20240829,동북권,강북구,10,4
20240829,서남권,강서구,9,4
20240829,서남권,관악구,11,5
20240829,동북권,광진구,10,5
20240829,서남권,구로구,4,1
20240829,서남권,금천구,9,4
20240829,동북권,노원구,10,5
20240829,동북권,도봉구,8,4
20240829,동북권,동대문구,11,4
20240829,서남권,동작구,11,5
20240829,서북권,마포구,11,4
20240829,서북권,서대문구,9,4
20240829,동남권,서초구,7,2
20240829,동북권,성동구,11,5
20240829,동북권,성북구,9,2
20240829,동남권,송파구,11,5
20240829,서남권,양천구,9,5
20240829,서남권,영등포구,11,6
20240829,도심권,용산구,11,4
20240829,서북권,은평구,8,5
20240829,도심권,종로구,9,4
20240829,도심권,중구,11,6
20240829,동북권,중랑구,9,4
20240830,동남권,강남구,15,7
20240830,동남권,강동구,15,7
20240830,동북권,강북구,14,6
20240830,서남권,강서구,16,7
20240830,서남권,관악구,17,7
20240830,동북권,광진구,14,6
20240830,서남권,구로구,10,5
20240830,서남권,금천구,13,5
20240830,동북권,노원구,15,7
20240830,동북권,도봉구,13,6
20240830,동북권,동대문구,16,7
20240830,서남권,동작구,15,7
20240830,서북권,마포구,17,7
20240830,서북권,서대문구,13,5
20240830,동남권,서초구,16,4
20240830,동북권,성동구,16,7
20240830,동북권,성북구,13,5
20240830,동남권,송파구,16,6
20240830,서남권,양천구,14,7
20240830,서남권,영등포구,16,8
20240830,도심권,용산구,17,8
20240830,서북권,은평구,14,8
20240830,도심권,종로구,13,7
20240830,도심권,중구,12,6
20240830,동북권,중랑구,12,6
20240831,동남권,강남구,38,21
20240831,동남권,강동구,38,20
20240831,동북권,강북구,32,18
20240831,서남권,강서구,36,20
20240831,서남권,관악구,41,22
20240831,동북권,광진구,36,19
20240831,서남권,구로구,35,17
20240831,서남권,금천구,35,19
20240831,동북권,노원구,38,20
20240831,동북권,도봉구,30,17
20240831,동북권,동대문구,40,20
20240831,서남권,동작구,37,21
20240831,서북권,마포구,38,20
20240831,서북권,서대문구,33,16
20240831,동남권,서초구,38,17
20240831,동북권,성동구,38,21
20240831,동북권,성북구,35,17
20240831,동남권,송파구,40,21
20240831,서남권,양천구,33,19
20240831,서남권,영등포구,35,20
20240831,도심권,용산구,41,22
20240831,서북권,은평구,33,19
20240831,도심권,종로구,33,20
20240831,도심권,중구,32,19
20240831,동북권,중랑구,33,18
20240901,동남권,강남구,31,23
20240901,동남권,강동구,30,22
20240901,동북권,강북구,27,20
20240901,서남권,강서구,29,20
20240901,서남권,관악구,35,23
20240901,동북권,광진구,31,21
20240901,서남권,구로구,25,16
20240901,서남권,금천구,29,20
20240901,동북권,노원구,30,21
20240901,동북권,도봉구,22,18
20240901,동북권,동대문구,33,21
20240901,서남권,동작구,30,21
20240901,서북권,마포구,31,20
20240901,서북권,서대문구,26,16
20240901,동남권,서초구,37,18
20240901,동북권,성동구,32,22
20240901,동북권,성북구,25,16
20240901,동남권,송파구,35,24
20240901,서남권,양천구,26,20
20240901,서남권,영등포구,30,21
20240901,도심권,용산구,35,25
20240901,서북권,은평구,27,18
20240901,도심권,종로구,29,21
20240901,도심권,중구,29,20
20240901,동북권,중랑구,30,21
20240902,동남권,강남구,20,14
20240902,동남권,강동구,21,15
20240902,동북권,강북구,17,12
20240902,서남권,강서구,18,11
20240902,서남권,관악구,21,13
20240902,동북권,광진구,21,13
20240902,서남권,구로구,15,9
20240902,서남권,금천구,18,11
20240902,동북권,노원구,19,12
20240902,동북권,도봉구,15,11
20240902,동북권,동대문구,22,13
20240902,서남권,동작구,20,12
20240902,서북권,마포구,20,11
20240902,서북권,서대문구,18,10
20240902,동남권,서초구,,10
20240902,동북권,성동구,21,14
20240902,동북권,성북구,17,9
20240902,동남권,송파구,23,14
20240902,서남권,양천구,18,11
20240902,서남권,영등포구,21,13
20240902,도심권,용산구,22,13
20240902,서북권,은평구,17,11
20240902,도심권,종로구,19,13
20240902,도심권,중구,19,12
20240902,동북권,중랑구,20,13
20240903,동남권,강남구,13,6
20240903,동남권,강동구,12,5
20240903,동북권,강북구,10,5
20240903,서남권,강서구,12,5
20240903,서남권,관악구,14,6
20240903,동북권,광진구,12,4
20240903,서남권,구로구,10,4
20240903,서남권,금천구,10,5
20240903,동북권,노원구,12,5
20240903,동북권,도봉구,9,5
20240903,동북권,동대문구,14,4
20240903,서남권,동작구,13,5
20240903,서북권,마포구,14,6
20240903,서북권,서대문구,12,4
20240903,동남권,서초구,12,3
20240903,동북권,성동구,12,6
20240903,동북권,성북구,13,4
20240903,동남권,송파구,12,4
20240903,서남권,양천구,13,5
20240903,서남권,영등포구,14,6
20240903,도심권,용산구,14,5
20240903,서북권,은평구,12,5
20240903,도심권,종로구,10,5
20240903,도심권,중구,13,5
20240903,동북권,중랑구,11,5
20240904,동남권,강남구,20,11
20240904,동남권,강동구,17,12
20240904,동북권,강북구,18,10
20240904,서남권,강서구,19,10
20240904,서남권,관악구,21,11
20240904,동북권,광진구,19,10
20240904,서남권,구로구,16,7
20240904,서남권,금천구,16,11
20240904,동북권,노원구,20,9
20240904,동북권,도봉구,16,8
20240904,동북권,동대문구,22,10
20240904,서남권,동작구,20,11
20240904,서북권,마포구,23,11
20240904,서북권,서대문구,21,9
20240904,동남권,서초구,19,7
20240904,동북권,성동구,21,10
20240904,동북권,성북구,20,9
20240904,동남권,송파구,21,11
20240904,서남권,양천구,18,10
20240904,서남권,영등포구,20,11
20240904,도심권,용산구,23,11
20240904,서북권,은평구,21,12
20240904,도심권,종로구,19,11
20240904,도심권,중구,21,11
20240904,동북권,중랑구,16,9
20240905,동남권,강남구,26,15
20240905,동남권,강동구,23,14
20240905,동북권,강북구,22,13
20240905,서남권,강서구,22,13
20240905,서남권,관악구,26,13
20240905,동북권,광진구,26,15
20240905,서남권,구로구,17,9
20240905,서남권,금천구,21,14
20240905,동북권,노원구,27,16
20240905,동북권,도봉구,24,14
20240905,동북권,동대문구,26,14
20240905,서남권,동작구,23,13
20240905,서북권,마포구,24,13
20240905,서북권,서대문구,21,10
20240905,동남권,서초구,22,9
20240905,동북권,성동구,25,15
20240905,동북권,성북구,20,10
20240905,동남권,송파구,27,14
20240905,서남권,양천구,19,13
20240905,서남권,영등포구,22,13
20240905,도심권,용산구,26,14
20240905,서북권,은평구,24,15
20240905,도심권,종로구,23,13
20240905,도심권,중구,23,13
20240905,동북권,중랑구,23,14
20240906,동남권,강남구,16,9
20240906,동남권,강동구,13,6
20240906,동북권,강북구,14,7
20240906,서남권,강서구,15,8
20240906,서남권,관악구,18,9
20240906,동북권,광진구,15,7
20240906,서남권,구로구,9,5
20240906,서남권,금천구,8,9
20240906,동북권,노원구,16,7
20240906,동북권,도봉구,12,6
20240906,동북권,동대문구,18,8
20240906,서남권,동작구,17,9
20240906,서북권,마포구,17,9
20240906,서북권,서대문구,14,6
20240906,동남권,서초구,12,5
20240906,동북권,성동구,15,9
20240906,동북권,성북구,16,7
20240906,동남권,송파구,16,7
20240906,서남권,양천구,16,9
20240906,서남권,영등포구,17,10
20240906,도심권,용산구,16,8
20240906,서북권,은평구,14,8
20240906,도심권,종로구,14,7
20240906,도심권,중구,14,8
20240906,동북권,중랑구,15,7
20240907,동남권,강남구,23,15
20240907,동남권,강동구,22,14
20240907,동북권,강북구,20,13
20240907,서남권,강서구,22,15
20240907,서남권,관악구,25,15
20240907,동북권,광진구,23,14
20240907,서남권,구로구,17,11
20240907,서남권,금천구,19,16
20240907,동북권,노원구,24,13
20240907,동북권,도봉구,20,10
20240907,동북권,동대문구,25,15
20240907,서남권,동작구,21,13
20240907,서북권,마포구,24,14
20240907,서북권,서대문구,20,12
20240907,동남권,서초구,21,12
20240907,동북권,성동구,22,14
20240907,동북권,성북구,23,13
20240907,동남권,송파구,25,14
20240907,서남권,양천구,21,14
20240907,서남권,영등포구,22,14
20240907,도심권,용산구,26,16
20240907,서북권,은평구,23,15
20240907,도심권,종로구,21,15
20240907,도심권,중구,21,13
20240907,동북권,중랑구,22,14
20240908,동남권,강남구,31,24
20240908,동남권,강동구,28,20
20240908,동북권,강북구,27,22
20240908,서남권,강서구,32,25
20240908,서남권,관악구,35,24
20240908,동북권,광진구,31,23
20240908,서남권,구로구,26,20
20240908,서남권,금천구,29,27
20240908,동북권,노원구,29,20
20240908,동북권,도봉구,26,19
20240908,동북권,동대문구,32,23
20240908,서남권,동작구,31,22
20240908,서북권,마포구,31,23
20240908,서북권,서대문구,23,18
20240908,동남권,서초구,27,19
20240908,동북권,성동구,31,24
20240908,동북권,성북구,25,20
20240908,동남권,송파구,33,23
20240908,서남권,양천구,30,24
20240908,서남권,영등포구,29,23
20240908,도심권,용산구,33,26
20240908,서북권,은평구,26,20
20240908,도심권,종로구,28,23
20240908,도심권,중구,27,21
20240908,동북권,중랑구,28,21
20240909,동남권,강남구,30,21
20240909,동남권,강동구,28,17
20240909,동북권,강북구,25,20
20240909,서남권,강서구,27,21
20240909,서남권,관악구,33,22
20240909,동북권,광진구,28,19
20240909,서남권,구로구,23,17
20240909,서남권,금천구,28,25
20240909,동북권,노원구,29,19
20240909,동북권,도봉구,26,16
20240909,동북권,동대문구,30,21
20240909,서남권,동작구,30,21
20240909,서북권,마포구,29,21
20240909,서북권,서대문구,26,14
20240909,동남권,서초구,28,18
20240909,동북권,성동구,28,21
20240909,동북권,성북구,26,17
20240909,동남권,송파구,32,23
20240909,서남권,양천구,27,21
20240909,서남권,영등포구,28,21
20240909,도심권,용산구,33,22
20240909,서북권,은평구,26,19
20240909,도심권,종로구,26,21
20240909,도심권,중구,25,19
20240909,동북권,중랑구,27,19
20240910,동남권,강남구,31,23
20240910,동남권,강동구,31,19
20240910,동북권,강북구,27,21
20240910,서남권,강서구,29,22
20240910,서남권,관악구,33,22
20240910,동북권,광진구,30,21
20240910,서남권,구로구,24,18
20240910,서남권,금천구,28,25
20240910,동북권,노원구,31,21
20240910,동북권,도봉구,27,17
20240910,동북권,동대문구,33,23
20240910,서남권,동작구,30,21
20240910,서북권,마포구,32,21
20240910,서북권,서대문구,23,15
20240910,동남권,서초구,29,18
20240910,동북권,성동구,31,22
20240910,동북권,성북구,29,19
20240910,동남권,송파구,34,24
20240910,서남권,양천구,27,20
20240910,서남권,영등포구,29,21
20240910,도심권,용산구,35,24
20240910,서북권,은평구,27,19
20240910,도심권,종로구,28,22
20240910,도심권,중구,27,21
20240910,동북권,중랑구,29,22
20240911,동남권,강남구,35,26
20240911,동남권,강동구,30,21
20240911,동북권,강북구,27,22
20240911,서남권,강서구,31,24
20240911,서남권,관악구,34,24
20240911,동북권,광진구,31,23
20240911,서남권,구로구,25,18
20240911,서남권,금천구,26,23
20240911,동북권,노원구,29,20
20240911,동북권,도봉구,27,16
20240911,동북권,동대문구,35,25
20240911,서남권,동작구,31,23
20240911,서북권,마포구,33,24
20240911,서북권,서대문구,28,17
20240911,동남권,서초구,32,19
20240911,동북권,성동구,34,26
20240911,동북권,성북구,29,20
20240911,동남권,송파구,35,24
20240911,서남권,양천구,31,24
20240911,서남권,영등포구,30,22
20240911,도심권,용산구,37,27
20240911,서북권,은평구,30,21
20240911,도심권,종로구,31,24
20240911,도심권,중구,31,24
20240911,동북권,중랑구,29,22
20240912,동남권,강남구,11,7
20240912,동남권,강동구,7,3
20240912,동북권,강북구,10,6
20240912,서남권,강서구,10,6
20240912,서남권,관악구,13,7
20240912,동북권,광진구,10,4
20240912,서남권,구로구,5,3
20240912,서남권,금천구,9,8
20240912,동북권,노원구,12,6
20240912,동북권,도봉구,10,4
20240912,동북권,동대문구,12,6
20240912,서남권,동작구,11,6
20240912,서북권,마포구,11,7
20240912,서북권,서대문구,6,3
20240912,동남권,서초구,7,3
20240912,동북권,성동구,9,5
20240912,동북권,성북구,7,5
20240912,동남권,송파구,10,5
20240912,서남권,양천구,9,7
20240912,서남권,영등포구,13,9
20240912,도심권,용산구,11,6
20240912,서북권,은평구,10,7
20240912,도심권,종로구,9,5
20240912,도심권,중구,10,5
20240912,동북권,중랑구,9,5
20240913,동남권,강남구,17,9
20240913,동남권,강동구,15,7
20240913,동북권,강북구,14,7
20240913,서남권,강서구,14,8
20240913,서남권,관악구,18,9
20240913,동북권,광진구,17,8
20240913,서남권,구로구,7,3
20240913,서남권,금천구,14,10
20240913,동북권,노원구,16,7
20240913,동북권,도봉구,14,5
20240913,동북권,동대문구,17,8
20240913,서남권,동작구,16,8
20240913,서북권,마포구,15,8
20240913,서북권,서대문구,10,4
20240913,동남권,서초구,11,4
20240913,동북권,성동구,16,8
20240913,동북권,성북구,14,6
20240913,동남권,송파구,17,8
20240913,서남권,양천구,13,8
20240913,서남권,영등포구,16,9
20240913,도심권,용산구,16,9
20240913,서북권,은평구,13,9
20240913,도심권,종로구,13,7
20240913,도심권,중구,14,8
20240913,동북권,중랑구,16,8
20240914,동남권,강남구,13,7
20240914,동남권,강동구,12,7
20240914,동북권,강북구,13,7
20240914,서남권,강서구,10,6
20240914,서남권,관악구,14,6
20240914,동북권,광진구,15,7
20240914,서남권,구로구,4,1
20240914,서남권,금천구,9,7
20240914,동북권,노원구,17,7
20240914,동북권,도봉구,14,4
20240914,동북권,동대문구,14,7
20240914,서남권,동작구,12,7
20240914,서북권,마포구,12,6
20240914,서북권,서대문구,8,3
20240914,동남권,서초구,7,2
20240914,동북권,성동구,13,8
20240914,동북권,성북구,11,6
20240914,동남권,송파구,15,8
20240914,서남권,양천구,8,6
20240914,서남권,영등포구,12,6
20240914,도심권,용산구,16,8
20240914,서북권,은평구,13,8
20240914,도심권,종로구,12,6
20240914,도심권,중구,11,5
20240914,동북권,중랑구,14,8
20240915,동남권,강남구,13,6
20240915,동남권,강동구,12,6
20240915,동북권,강북구,12,5
20240915,서남권,강서구,12,7
20240915,서남권,관악구,16,7
20240915,동북권,광진구,13,6
20240915,서남권,구로구,6,2
20240915,서남권,금천구,13,9
20240915,동북권,노원구,13,5
20240915,동북권,도봉구,12,4
20240915,동북권,동대문구,14,6
20240915,서남권,동작구,14,7
20240915,서북권,마포구,13,7
20240915,서북권,서대문구,9,3
20240915,동남권,서초구,8,3
20240915,동북권,성동구,13,7
20240915,동북권,성북구,11,5
20240915,동남권,송파구,14,7
20240915,서남권,양천구,12,8
20240915,서남권,영등포구,13,8
20240915,도심권,용산구,14,8
20240915,서북권,은평구,12,7
20240915,도심권,종로구,12,5
20240915,도심권,중구,11,6
20240915,동북권,중랑구,14,6
20240916,동남권,강남구,6,3
20240916,동남권,강동구,6,2
20240916,동북권,강북구,8,3
20240916,서남권,강서구,8,3
20240916,서남권,관악구,9,4
20240916,동북권,광진구,7,3
20240916,서남권,구로구,3,1
20240916,서남권,금천구,5,4
20240916,동북권,노원구,9,3
20240916,동북권,도봉구,8,2
20240916,동북권,동대문구,8,3
20240916,서남권,동작구,8,3
20240916,서북권,마포구,8,4
20240916,서북권,서대문구,5,1
20240916,동남권,서초구,4,1
20240916,동북권,성동구,8,3
20240916,동북권,성북구,6,2
20240916,동남권,송파구,8,3
20240916,서남권,양천구,8,4
20240916,서남권,영등포구,8,4
20240916,도심권,용산구,9,4
20240916,서북권,은평구,6,4
20240916,도심권,종로구,6,3
20240916,도심권,중구,7,3
20240916,동북권,중랑구,8,2
20240917,동남권,강남구,13,7
20240917,동남권,강동구,10,5
20240917,동북권,강북구,13,6
20240917,서남권,강서구,12,7
20240917,서남권,관악구,16,7
20240917,동북권,광진구,14,7
20240917,서남권,구로구,5,2
20240917,서남권,금천구,9,7
20240917,동북권,노원구,15,7
20240917,동북권,도봉구,15,5
20240917,동북권,동대문구,15,7
20240917,서남권,동작구,14,7
20240917,서북권,마포구,15,8
20240917,서북권,서대문구,9,4
20240917,동남권,서초구,7,3
20240917,동북권,성동구,13,7
20240917,동북권,성북구,11,5
20240917,동남권,송파구,14,7
20240917,서남권,양천구,12,8
20240917,서남권,영등포구,14,8
20240917,도심권,용산구,16,8
20240917,서북권,은평구,10,7
20240917,도심권,종로구,12,7
20240917,도심권,중구,12,6
20240917,동북권,중랑구,15,7
20240918,동남권,강남구,19,12
20240918,동남권,강동구,15,10
20240918,동북권,강북구,16,9
20240918,서남권,강서구,17,12
20240918,서남권,관악구,21,13
20240918,동북권,광진구,19,12
20240918,서남권,구로구,8,4
20240918,서남권,금천구,16,14
20240918,동북권,노원구,17,9
20240918,동북권,도봉구,14,7
20240918,동북권,동대문구,20,13
20240918,서남권,동작구,19,12
20240918,서북권,마포구,17,11
20240918,서북권,서대문구,10,4
20240918,동남권,서초구,11,6
20240918,동북권,성동구,19,11
20240918,동북권,성북구,13,8
20240918,동남권,송파구,20,11
20240918,서남권,양천구,17,13
20240918,서남권,영등포구,17,12
20240918,도심권,용산구,21,14
20240918,서북권,은평구,12,9
20240918,도심권,종로구,17,11
20240918,도심권,중구,15,10
20240918,동북권,중랑구,18,11
20240919,동남권,강남구,19,12
20240919,동남권,강동구,18,10
20240919,동북권,강북구,21,15
20240919,서남권,강서구,21,16
20240919,서남권,관악구,21,13
20240919,동북권,광진구,19,12
20240919,서남권,구로구,12,6
20240919,서남권,금천구,14,14
20240919,동북권,노원구,22,13
20240919,동북권,도봉구,21,11
20240919,동북권,동대문구,22,14
20240919,서남권,동작구,20,12
20240919,서북권,마포구,22,15
20240919,서북권,서대문구,18,11
20240919,동남권,서초구,16,7
20240919,동북권,성동구,21,13
20240919,동북권,성북구,21,12
20240919,동남권,송파구,22,11
20240919,서남권,양천구,19,14
20240919,서남권,영등포구,20,15
20240919,도심권,용산구,22,17
20240919,서북권,은평구,19,13
20240919,도심권,종로구,21,15
20240919,도심권,중구,19,13
20240919,동북권,중랑구,20,12
20240920,동남권,강남구,13,8
20240920,동남권,강동구,11,7
20240920,동북권,강북구,14,9
20240920,서남권,강서구,11,7
20240920,서남권,관악구,15,8
20240920,동북권,광진구,14,8
20240920,서남권,구로구,5,3
20240920,서남권,금천구,13,9
20240920,동북권,노원구,16,9
20240920,동북권,도봉구,14,6
20240920,동북권,동대문구,15,9
20240920,서남권,동작구,13,7
20240920,서북권,마포구,13,8
20240920,서북권,서대문구,10,5
20240920,동남권,서초구,7,4
20240920,동북권,성동구,14,6
20240920,동북권,성북구,12,6
20240920,동남권,송파구,14,7
20240920,서남권,양천구,11,8
20240920,서남권,영등포구,14,9
20240920,도심권,용산구,14,9
20240920,서북권,은평구,12,7
20240920,도심권,종로구,13,9
20240920,도심권,중구,14,10
20240920,동북권,중랑구,14,8
20240921,동남권,강남구,4,2
20240921,동남권,강동구,4,2
20240921,동북권,강북구,9,1
20240921,서남권,강서구,5,1
20240921,서남권,관악구,5,2
20240921,동북권,광진구,6,1
20240921,서남권,구로구,3,1
20240921,서남권,금천구,5,2
20240921,동북권,노원구,4,1
20240921,동북권,도봉구,5,2
20240921,동북권,동대문구,6,1
20240921,서남권,동작구,4,1
20240921,서북권,마포구,4,1
20240921,서북권,서대문구,3,1
20240921,동남권,서초구,4,1
20240921,동북권,성동구,4,2
20240921,동북권,성북구,4,2
20240921,동남권,송파구,4,1
20240921,서남권,양천구,4,1
20240921,서남권,영등포구,6,2
20240921,도심권,용산구,5,2
20240921,서북권,은평구,4,2
20240921,도심권,종로구,4,1
20240921,도심권,중구,5,1
20240921,동북권,중랑구,5,1
20240922,동남권,강남구,4,1
20240922,동남권,강동구,5,2
20240922,동북권,강북구,5,2
20240922,서남권,강서구,4,2
20240922,서남권,관악구,5,2
20240922,동북권,광진구,4,1
20240922,서남권,구로구,3,1
20240922,서남권,금천구,5,2
20240922,동북권,노원구,6,1
20240922,동북권,도봉구,7,2
20240922,동북권,동대문구,7,1
20240922,서남권,동작구,4,1
20240922,서북권,마포구,4,2
20240922,서북권,서대문구,4,1
20240922,동남권,서초구,3,1
20240922,동북권,성동구,4,2
20240922,동북권,성북구,4,1
20240922,동남권,송파구,5,3
20240922,서남권,양천구,4,1
20240922,서남권,영등포구,6,2
20240922,도심권,용산구,5,2
20240922,서북권,은평구,4,3
20240922,도심권,종로구,3,1
20240922,도심권,중구,4,1
20240922,동북권,중랑구,4,1
20240923,동남권,강남구,8,3
20240923,동남권,강동구,10,3
20240923,동북권,강북구,8,2
20240923,서남권,강서구,7,2
20240923,서남권,관악구,10,3
20240923,동북권,광진구,10,2
20240923,서남권,구로구,5,1
20240923,서남권,금천구,8,4
20240923,동북권,노원구,9,2
20240923,동북권,도봉구,9,3
20240923,동북권,동대문구,9,3
20240923,서남권,동작구,9,3
20240923,서북권,마포구,8,3
20240923,서북권,서대문구,6,2
20240923,동남권,서초구,5,1
20240923,동북권,성동구,9,4
20240923,동북권,성북구,8,1
20240923,동남권,송파구,9,4
20240923,서남권,양천구,8,3
20240923,서남권,영등포구,11,5
20240923,도심권,용산구,9,3
20240923,서북권,은평구,8,3
20240923,도심권,종로구,7,2
20240923,도심권,중구,8,2
20240923,동북권,중랑구,8,2
20240924,동남권,강남구,13,5
20240924,동남권,강동구,12,4
20240924,동북권,강북구,11,4
20240924,서남권,강서구,13,5
20240924,서남권,관악구,16,6
20240924,동북권,광진구,12,4
20240924,서남권,구로구,12,3
20240924,서남권,금천구,10,6
20240924,동북권,노원구,13,5
20240924,동북권,도봉구,10,4
20240924,동북권,동대문구,13,4
20240924,서남권,동작구,14,6
20240924,서북권,마포구,13,5
20240924,서북권,서대문구,10,4
20240924,동남권,서초구,10,3
20240924,동북권,성동구,13,5
20240924,동북권,성북구,12,3
20240924,동남권,송파구,14,6
20240924,서남권,양천구,13,6
20240924,서남권,영등포구,15,7
20240924,도심권,용산구,14,5
20240924,서북권,은평구,11,5
20240924,도심권,종로구,11,5
20240924,도심권,중구,12,5
20240924,동북권,중랑구,10,4
20240925,동남권,강남구,19,9
20240925,동남권,강동구,17,6
20240925,동북권,강북구,15,7
20240925,서남권,강서구,17,8
20240925,서남권,관악구,19,9
20240925,동북권,광진구,17,7
20240925,서남권,구로구,14,3
20240925,서남권,금천구,20,11
20240925,동북권,노원구,18,8
20240925,동북권,도봉구,17,7
20240925,동북권,동대문구,20,8
20240925,서남권,동작구,17,8
20240925,서북권,마포구,17,8
20240925,서북권,서대문구,15,6
20240925,동남권,서초구,15,5
20240925,동북권,성동구,18,8
20240925,동북권,성북구,17,8
20240925,동남권,송파구,18,8
20240925,서남권,양천구,16,8
20240925,서남권,영등포구,18,8
20240925,도심권,용산구,19,9
20240925,서북권,은평구,17,8
20240925,도심권,종로구,17,9
20240925,도심권,중구,15,7
20240925,동북권,중랑구,16,7
20240926,동남권,강남구,20,12
20240926,동남권,강동구,20,10
20240926,동북권,강북구,15,9
20240926,서남권,강서구,17,10
20240926,서남권,관악구,21,11
20240926,동북권,광진구,20,11
20240926,서남권,구로구,14,6
20240926,서남권,금천구,15,13
20240926,동북권,노원구,18,10
20240926,동북권,도봉구,15,8
20240926,동북권,동대문구,21,11
20240926,서남권,동작구,21,12
20240926,서북권,마포구,18,10
20240926,서북권,서대문구,14,8
20240926,동남권,서초구,18,8
20240926,동북권,성동구,20,12
20240926,동북권,성북구,17,10
20240926,동남권,송파구,21,12
20240926,서남권,양천구,16,10
20240926,서남권,영등포구,18,10
20240926,도심권,용산구,22,12
20240926,서북권,은평구,14,9
20240926,도심권,종로구,18,11
20240926,도심권,중구,15,10
20240926,동북권,중랑구,19,11
20240927,동남권,강남구,16,9
20240927,동남권,강동구,15,8
20240927,동북권,강북구,14,8
20240927,서남권,강서구,22,11
20240927,서남권,관악구,18,10
20240927,동북권,광진구,15,7
20240927,서남권,구로구,13,5
20240927,서남권,금천구,14,11
20240927,동북권,노원구,17,9
20240927,동북권,도봉구,16,9
20240927,동북권,동대문구,18,9
20240927,서남권,동작구,17,9
20240927,서북권,마포구,16,9
20240927,서북권,서대문구,13,7
20240927,동남권,서초구,13,6
20240927,동북권,성동구,16,9
20240927,동북권,성북구,16,8
20240927,동남권,송파구,16,7
20240927,서남권,양천구,18,11
20240927,서남권,영등포구,19,11
20240927,도심권,용산구,17,10
20240927,서북권,은평구,14,9
20240927,도심권,종로구,14,9
20240927,도심권,중구,14,9
20240927,동북권,중랑구,15,8
20240928,동남권,강남구,13,6
20240928,동남권,강동구,13,6
20240928,동북권,강북구,11,5
20240928,서남권,강서구,12,5
20240928,서남권,관악구,15,6
20240928,동북권,광진구,12,5
20240928,서남권,구로구,8,2
20240928,서남권,금천구,9,6
20240928,동북권,노원구,13,6
20240928,동북권,도봉구,14,6
20240928,동북권,동대문구,15,6
20240928,서남권,동작구,14,6
20240928,서북권,마포구,13,5
20240928,서북권,서대문구,9,5
20240928,동남권,서초구,9,3
20240928,동북권,성동구,14,6
20240928,동북권,성북구,13,4
20240928,동남권,송파구,13,6
20240928,서남권,양천구,12,6
20240928,서남권,영등포구,15,7
20240928,도심권,용산구,13,6
20240928,서북권,은평구,12,6
20240928,도심권,종로구,11,6
20240928,도심권,중구,11,6
20240928,동북권,중랑구,11,5
20240929,동남권,강남구,9,4
20240929,동남권,강동구,9,3
20240929,동북권,강북구,8,4
20240929,서남권,강서구,8,3
20240929,서남권,관악구,11,5
20240929,동북권,광진구,10,3
20240929,서남권,구로구,8,1
20240929,서남권,금천구,6,5
20240929,동북권,노원구,10,4
20240929,동북권,도봉구,9,4
20240929,동북권,동대문구,10,4
20240929,서남권,동작구,9,5
20240929,서북권,마포구,9,4
20240929,서북권,서대문구,7,4
20240929,동남권,서초구,6,1
20240929,동북권,성동구,9,4
20240929,동북권,성북구,8,3
20240929,동남권,송파구,10,5
20240929,서남권,양천구,8,4
20240929,서남권,영등포구,10,5
20240929,도심권,용산구,10,4
20240929,서북권,은평구,8,5
20240929,도심권,종로구,7,3
20240929,도심권,중구,8,4
20240929,동북권,중랑구,9,4
20240930,동남권,강남구,15,8
20240930,동남권,강동구,16,6
20240930,동북권,강북구,11,4
20240930,서남권,강서구,14,6
20240930,서남권,관악구,16,8
20240930,동북권,광진구,15,6
20240930,서남권,구로구,12,3
20240930,서남권,금천구,12,8
20240930,동북권,노원구,14,5
20240930,동북권,도봉구,12,6
20240930,동북권,동대문구,15,6
20240930,서남권,동작구,16,7
20240930,서북권,마포구,15,6
20240930,서북권,서대문구,13,5
20240930,동남권,서초구,12,4
20240930,동북권,성동구,15,6
20240930,동북권,성북구,13,5
20240930,동남권,송파구,15,7
20240930,서남권,양천구,14,7
20240930,서남권,영등포구,15,7
20240930,도심권,용산구,16,7
20240930,서북권,은평구,15,7
20240930,도심권,종로구,14,7
20240930,도심권,중구,12,6
20240930,동북권,중랑구,13,6
20241001,동남권,강남구,14,7
20241001,동남권,강동구,16,7
20241001,동북권,강북구,14,8
20241001,서남권,강서구,15,6
20241001,서남권,관악구,17,7
20241001,동북권,광진구,17,8
20241001,서남권,구로구,12,4
20241001,서남권,금천구,12,8
20241001,동북권,노원구,16,7
20241001,동북권,도봉구,14,7
20241001,동북권,동대문구,16,7
20241001,서남권,동작구,15,7
20241001,서북권,마포구,14,6
20241001,서북권,서대문구,13,6
20241001,동남권,서초구,12,4
20241001,동북권,성동구,15,7
20241001,동북권,성북구,14,5
20241001,동남권,송파구,17,7
20241001,서남권,양천구,14,7
20241001,서남권,영등포구,14,6
20241001,도심권,용산구,16,7
20241001,서북권,은평구,15,7
20241001,도심권,종로구,15,7
20241001,도심권,중구,13,6
20241001,동북권,중랑구,15,7
20241002,동남권,강남구,15,7
20241002,동남권,강동구,17,7
20241002,동북권,강북구,12,6
20241002,서남권,강서구,17,7
20241002,서남권,관악구,17,7
20241002,동북권,광진구,16,6
20241002,서남권,구로구,13,4
20241002,서남권,금천구,12,8
20241002,동북권,노원구,16,6
20241002,동북권,도봉구,15,7
20241002,동북권,동대문구,17,6
20241002,서남권,동작구,15,7
20241002,서북권,마포구,16,7
20241002,서북권,서대문구,14,6
20241002,동남권,서초구,15,3
20241002,동북권,성동구,16,7
20241002,동북권,성북구,14,5
20241002,동남권,송파구,18,6
20241002,서남권,양천구,16,7
20241002,서남권,영등포구,16,7
20241002,도심권,용산구,17,7
20241002,서북권,은평구,13,7
20241002,도심권,종로구,13,7
20241002,도심권,중구,11,5
20241002,동북권,중랑구,17,7
20241003,동남권,강남구,14,6
20241003,동남권,강동구,13,6
20241003,동북권,강북구,10,6
20241003,서남권,강서구,19,8
20241003,서남권,관악구,19,8
20241003,동북권,광진구,13,6
20241003,서남권,구로구,14,5
20241003,서남권,금천구,12,8
20241003,동북권,노원구,15,7
20241003,동북권,도봉구,13,7
20241003,동북권,동대문구,16,7
20241003,서남권,동작구,15,7
20241003,서북권,마포구,17,7
20241003,서북권,서대문구,11,5
20241003,동남권,서초구,13,3
20241003,동북권,성동구,16,7
20241003,동북권,성북구,15,5
20241003,동남권,송파구,14,6
20241003,서남권,양천구,19,8
20241003,서남권,영등포구,17,8
20241003,도심권,용산구,17,7
20241003,서북권,은평구,11,6
20241003,도심권,종로구,15,7
20241003,도심권,중구,14,7
20241003,동북권,중랑구,14,6
20241004,동남권,강남구,15,8
20241004,동남권,강동구,17,7
20241004,동북권,강북구,12,6
20241004,서남권,강서구,16,7
20241004,서남권,관악구,20,9
20241004,동북권,광진구,14,6
20241004,서남권,구로구,15,5
20241004,서남권,금천구,13,9
20241004,동북권,노원구,17,8
20241004,동북권,도봉구,15,7
20241004,동북권,동대문구,18,8
20241004,서남권,동작구,17,8
20241004,서북권,마포구,17,8
20241004,서북권,서대문구,14,6
20241004,동남권,서초구,16,5
20241004,동북권,성동구,16,8
20241004,동북권,성북구,15,6
20241004,동남권,송파구,18,8
20241004,서남권,양천구,17,8
20241004,서남권,영등포구,16,7
20241004,도심권,용산구,19,9
20241004,서북권,은평구,13,6
20241004,도심권,종로구,15,9
20241004,도심권,중구,14,8
20241004,동북권,중랑구,12,6
20241005,동남권,강남구,19,11
20241005,동남권,강동구,17,10
20241005,동북권,강북구,18,11
20241005,서남권,강서구,26,12
20241005,서남권,관악구,29,17
20241005,동북권,광진구,18,10
20241005,서남권,구로구,22,9
20241005,서남권,금천구,19,14
20241005,동북권,노원구,24,13
20241005,동북권,도봉구,20,11
20241005,동북권,동대문구,25,13
20241005,서남권,동작구,23,13
20241005,서북권,마포구,25,13
20241005,서북권,서대문구,20,10
20241005,동남권,서초구,34,20
20241005,동북권,성동구,22,11
20241005,동북권,성북구,23,11
20241005,동남권,송파구,20,11
20241005,서남권,양천구,26,13
20241005,서남권,영등포구,23,11
20241005,도심권,용산구,27,14
20241005,서북권,은평구,23,12
20241005,도심권,종로구,25,15
20241005,도심권,중구,21,13
20241005,동북권,중랑구,17,10
20241006,동남권,강남구,19,11
20241006,동남권,강동구,18,10
20241006,동북권,강북구,17,11
20241006,서남권,강서구,27,14
20241006,서남권,관악구,28,17
20241006,동북권,광진구,17,10
20241006,서남권,구로구,24,13
20241006,서남권,금천구,21,18
20241006,동북권,노원구,23,15
20241006,동북권,도봉구,20,13
20241006,동북권,동대문구,23,14
20241006,서남권,동작구,26,17
20241006,서북권,마포구,23,13
20241006,서북권,서대문구,16,10
20241006,동남권,서초구,21,11
20241006,동북권,성동구,22,13
20241006,동북권,성북구,21,13
20241006,동남권,송파구,19,12
20241006,서남권,양천구,26,15
20241006,서남권,영등포구,23,13
20241006,도심권,용산구,24,14
20241006,서북권,은평구,17,10
20241006,도심권,종로구,21,14
20241006,도심권,중구,19,13
20241006,동북권,중랑구,18,12
20241007,동남권,강남구,36,22
20241007,동남권,강동구,38,24
20241007,동북권,강북구,32,21
20241007,서남권,강서구,43,24
20241007,서남권,관악구,43,25
20241007,동북권,광진구,33,20
20241007,서남권,구로구,44,24
20241007,서남권,금천구,36,26
20241007,동북권,노원구,38,22
20241007,동북권,도봉구,35,22
20241007,동북권,동대문구,39,23
20241007,서남권,동작구,38,24
20241007,서북권,마포구,38,22
20241007,서북권,서대문구,35,20
20241007,동남권,서초구,42,23
20241007,동북권,성동구,38,23
20241007,동북권,성북구,38,22
20241007,동남권,송파구,36,22
20241007,서남권,양천구,43,25
20241007,서남권,영등포구,37,23
20241007,도심권,용산구,42,24
20241007,서북권,은평구,35,20
20241007,도심권,종로구,35,24
20241007,도심권,중구,31,22
20241007,동북권,중랑구,32,21
20241008,동남권,강남구,28,17
20241008,동남권,강동구,26,16
20241008,동북권,강북구,34,22
20241008,서남권,강서구,49,28
20241008,서남권,관악구,40,24
20241008,동북권,광진구,26,16
20241008,서남권,구로구,43,23
20241008,서남권,금천구,38,28
20241008,동북권,노원구,38,23
20241008,동북권,도봉구,34,23
20241008,동북권,동대문구,34,20
20241008,서남권,동작구,36,23
20241008,서북권,마포구,44,26
20241008,서북권,서대문구,37,23
20241008,동남권,서초구,67,32
20241008,동북권,성동구,30,17
20241008,동북권,성북구,35,20
20241008,동남권,송파구,29,19
20241008,서남권,양천구,46,28
20241008,서남권,영등포구,42,27
20241008,도심권,용산구,36,21
20241008,서북권,은평구,43,27
20241008,도심권,종로구,33,22
20241008,도심권,중구,33,23
20241008,동북권,중랑구,26,18
20241009,동남권,강남구,13,7
20241009,동남권,강동구,14,7
20241009,동북권,강북구,10,5
20241009,서남권,강서구,14,7
20241009,서남권,관악구,17,8
20241009,동북권,광진구,12,6
20241009,서남권,구로구,11,5
20241009,서남권,금천구,9,7
20241009,동북권,노원구,15,6
20241009,동북권,도봉구,11,6
20241009,동북권,동대문구,14,7
20241009,서남권,동작구,14,7
20241009,서북권,마포구,14,8
20241009,서북권,서대문구,11,5
20241009,동남권,서초구,10,4
20241009,동북권,성동구,14,6
20241009,동북권,성북구,14,4
20241009,동남권,송파구,13,7
20241009,서남권,양천구,14,7
20241009,서남권,영등포구,15,8
20241009,도심권,용산구,16,7
20241009,서북권,은평구,11,5
20241009,도심권,종로구,12,7
20241009,도심권,중구,12,8
20241009,동북권,중랑구,12,6
20241010,동남권,강남구,20,11
20241010,동남권,강동구,19,10
20241010,동북권,강북구,17,9
20241010,서남권,강서구,21,11
20241010,서남권,관악구,22,12
20241010,동북권,광진구,19,10
20241010,서남권,구로구,12,5
20241010,서남권,금천구,16,12
20241010,동북권,노원구,21,10
20241010,동북권,도봉구,18,9
20241010,동북권,동대문구,20,10
20241010,서남권,동작구,21,11
20241010,서북권,마포구,21,11
20241010,서북권,서대문구,18,9
20241010,동남권,서초구,21,10
20241010,동북권,성동구,19,10
20241010,동북권,성북구,19,11
20241010,동남권,송파구,20,10
20241010,서남권,양천구,20,11
20241010,서남권,영등포구,21,11
20241010,도심권,용산구,22,11
20241010,서북권,은평구,20,10
20241010,도심권,종로구,18,11
20241010,도심권,중구,17,10
20241010,동북권,중랑구,16,9
20241011,동남권,강남구,30,20
20241011,동남권,강동구,36,23
20241011,동북권,강북구,30,21
20241011,서남권,강서구,36,21
20241011,서남권,관악구,38,24
20241011,동북권,광진구,30,19
20241011,서남권,구로구,,
20241011,서남권,금천구,31,24
20241011,동북권,노원구,33,21
20241011,동북권,도봉구,34,23
20241011,동북권,동대문구,34,21
20241011,서남권,동작구,38,24
20241011,서북권,마포구,34,21
20241011,서북권,서대문구,34,21
20241011,동남권,서초구,40,24
20241011,동북권,성동구,31,20
20241011,동북권,성북구,37,22
20241011,동남권,송파구,33,21
20241011,서남권,양천구,35,22
20241011,서남권,영등포구,32,20
20241011,도심권,용산구,34,22
20241011,서북권,은평구,35,21
20241011,도심권,종로구,33,23
20241011,도심권,중구,30,22
20241011,동북권,중랑구,29,19
20241012,동남권,강남구,37,24
20241012,동남권,강동구,42,29
20241012,동북권,강북구,31,20
20241012,서남권,강서구,39,22
20241012,서남권,관악구,42,26
20241012,동북권,광진구,36,23
20241012,서남권,구로구,,
20241012,서남권,금천구,28,22
20241012,동북권,노원구,37,23
20241012,동북권,도봉구,37,26
20241012,동북권,동대문구,39,24
20241012,서남권,동작구,37,23
20241012,서북권,마포구,38,22
20241012,서북권,서대문구,31,19
20241012,동남권,서초구,48,30
20241012,동북권,성동구,39,24
20241012,동북권,성북구,42,25
20241012,동남권,송파구,38,24
20241012,서남권,양천구,37,23
20241012,서남권,영등포구,35,22
20241012,도심권,용산구,42,26
20241012,서북권,은평구,32,18
20241012,도심권,종로구,35,25
20241012,도심권,중구,31,22
20241012,동북권,중랑구,33,23
20241013,동남권,강남구,26,18
20241013,동남권,강동구,26,17
20241013,동북권,강북구,24,16
20241013,서남권,강서구,28,18
20241013,서남권,관악구,32,20
20241013,동북권,광진구,25,15
20241013,서남권,구로구,,
20241013,서남권,금천구,23,20
20241013,동북권,노원구,30,18
20241013,동북권,도봉구,24,15
20241013,동북권,동대문구,28,17
20241013,서남권,동작구,28,18
20241013,서북권,마포구,28,18
20241013,서북권,서대문구,23,14
20241013,동남권,서초구,34,17
20241013,동북권,성동구,27,18
20241013,동북권,성북구,27,15
20241013,동남권,송파구,28,19
20241013,서남권,양천구,29,19
20241013,서남권,영등포구,28,19
20241013,도심권,용산구,30,18
20241013,서북권,은평구,23,13
20241013,도심권,종로구,26,18
20241013,도심권,중구,25,18
20241013,동북권,중랑구,24,16
20241014,동남권,강남구,21,11
20241014,동남권,강동구,20,11
20241014,동북권,강북구,17,10
20241014,서남권,강서구,18,9
20241014,서남권,관악구,20,10
20241014,동북권,광진구,18,10
20241014,서남권,구로구,,
20241014,서남권,금천구,12,10
20241014,동북권,노원구,21,11
20241014,동북권,도봉구,18,10
20241014,동북권,동대문구,21,11
20241014,서남권,동작구,19,10
20241014,서북권,마포구,19,10
20241014,서북권,서대문구,16,8
20241014,동남권,서초구,35,9
20241014,동북권,성동구,21,10
20241014,동북권,성북구,21,9
20241014,동남권,송파구,22,12
20241014,서남권,양천구,18,10
20241014,서남권,영등포구,21,12
20241014,도심권,용산구,21,12
20241014,서북권,은평구,19,9
20241014,도심권,종로구,19,11
20241014,도심권,중구,18,12
20241014,동북권,중랑구,19,10
20241015,동남권,강남구,22,14
20241015,동남권,강동구,20,14
20241015,동북권,강북구,16,10
20241015,서남권,강서구,20,13
20241015,서남권,관악구,22,14
20241015,동북권,광진구,19,12
20241015,서남권,구로구,,
20241015,서남권,금천구,14,13
20241015,동북권,노원구,18,11
20241015,동북권,도봉구,19,11
20241015,동북권,동대문구,20,12
20241015,서남권,동작구,20,13
20241015,서북권,마포구,20,13
20241015,서북권,서대문구,19,13
20241015,동남권,서초구,20,12
20241015,동북권,성동구,21,13
20241015,동북권,성북구,17,11
20241015,동남권,송파구,21,13
20241015,서남권,양천구,20,13
20241015,서남권,영등포구,19,11
20241015,도심권,용산구,22,14
20241015,서북권,은평구,21,15
20241015,도심권,종로구,19,14
20241015,도심권,중구,19,13
20241015,동북권,중랑구,19,11
20241016,동남권,강남구,32,20
20241016,동남권,강동구,27,19
20241016,동북권,강북구,29,19
20241016,서남권,강서구,42,26
20241016,서남권,관악구,41,25
20241016,동북권,광진구,28,17
20241016,서남권,구로구,,
20241016,서남권,금천구,33,26
20241016,동북권,노원구,32,20
20241016,동북권,도봉구,33,24
20241016,동북권,동대문구,37,23
20241016,서남권,동작구,35,22
20241016,서북권,마포구,37,23
20241016,서북권,서대문구,37,26
20241016,동남권,서초구,51,31
20241016,동북권,성동구,32,20
20241016,동북권,성북구,37,23
20241016,동남권,송파구,29,18
20241016,서남권,양천구,43,26
20241016,서남권,영등포구,38,24
20241016,도심권,용산구,39,24
20241016,서북권,은평구,37,26
20241016,도심권,종로구,33,24
20241016,도심권,중구,33,23
20241016,동북권,중랑구,27,18
20241017,동남권,강남구,33,19
20241017,동남권,강동구,35,21
20241017,동북권,강북구,30,20
20241017,서남권,강서구,40,25
20241017,서남권,관악구,38,22
20241017,동북권,광진구,30,18
20241017,서남권,구로구,40,22
20241017,서남권,금천구,34,25
20241017,동북권,노원구,37,22
20241017,동북권,도봉구,35,22
20241017,동북권,동대문구,40,22
20241017,서남권,동작구,35,21
20241017,서북권,마포구,38,22
20241017,서북권,서대문구,35,20
20241017,동남권,서초구,37,21
20241017,동북권,성동구,34,20
20241017,동북권,성북구,39,22
20241017,동남권,송파구,34,19
20241017,서남권,양천구,38,23
20241017,서남권,영등포구,37,22
20241017,도심권,용산구,39,23
20241017,서북권,은평구,35,22
20241017,도심권,종로구,38,24
20241017,도심권,중구,34,25
20241017,동북권,중랑구,31,18
20241018,동남권,강남구,21,13
20241018,동남권,강동구,20,13
20241018,동북권,강북구,16,10
20241018,서남권,강서구,22,12
20241018,서남권,관악구,23,12
20241018,동북권,광진구,20,11
20241018,서남권,구로구,20,11
20241018,서남권,금천구,15,11
20241018,동북권,노원구,24,13
20241018,동북권,도봉구,19,10
20241018,동북권,동대문구,25,13
20241018,서남권,동작구,21,11
20241018,서북권,마포구,19,11
20241018,서북권,서대문구,16,9
20241018,동남권,서초구,18,9
20241018,동북권,성동구,22,12
20241018,동북권,성북구,21,11
20241018,동남권,송파구,21,12
20241018,서남권,양천구,20,11
20241018,서남권,영등포구,22,13
20241018,도심권,용산구,23,12
20241018,서북권,은평구,19,12
20241018,도심권,종로구,21,13
20241018,도심권,중구,19,13
20241018,동북권,중랑구,20,12
20241019,동남권,강남구,7,3
20241019,동남권,강동구,8,4
20241019,동북권,강북구,5,3
20241019,서남권,강서구,7,3
20241019,서남권,관악구,9,4
20241019,동북권,광진구,7,3
20241019,서남권,구로구,7,3
20241019,서남권,금천구,5,5
20241019,동북권,노원구,8,3
20241019,동북권,도봉구,8,4
20241019,동북권,동대문구,8,3
20241019,서남권,동작구,8,4
20241019,서북권,마포구,9,4
20241019,서북권,서대문구,8,4
20241019,동남권,서초구,7,2
20241019,동북권,성동구,7,3
20241019,동북권,성북구,7,2
20241019,동남권,송파구,7,3
20241019,서남권,양천구,8,4
20241019,서남권,영등포구,11,5
20241019,도심권,용산구,7,3
20241019,서북권,은평구,8,5
20241019,도심권,종로구,5,3
20241019,도심권,중구,5,3
20241019,동북권,중랑구,7,3
20241020,동남권,강남구,11,4
20241020,동남권,강동구,12,6
20241020,동북권,강북구,12,4
20241020,서남권,강서구,12,3
20241020,서남권,관악구,14,4
20241020,동북권,광진구,11,3
20241020,서남권,구로구,12,3
20241020,서남권,금천구,7,4
20241020,동북권,노원구,14,3
20241020,동북권,도봉구,11,3
20241020,동북권,동대문구,13,3
20241020,서남권,동작구,12,4
20241020,서북권,마포구,12,3
20241020,서북권,서대문구,11,4
20241020,동남권,서초구,12,2
20241020,동북권,성동구,11,4
20241020,동북권,성북구,12,3
20241020,동남권,송파구,12,3
20241020,서남권,양천구,12,4
20241020,서남권,영등포구,12,4
20241020,도심권,용산구,13,3
20241020,서북권,은평구,12,5
20241020,도심권,종로구,11,4
20241020,도심권,중구,10,4
20241020,동북권,중랑구,11,4
20241021,동남권,강남구,15,5
20241021,동남권,강동구,16,7
20241021,동북권,강북구,12,5
20241021,서남권,강서구,17,5
20241021,서남권,관악구,19,6
20241021,동북권,광진구,14,5
20241021,서남권,구로구,17,5
20241021,서남권,금천구,11,6
20241021,동북권,노원구,18,6
20241021,동북권,도봉구,13,5
20241021,동북권,동대문구,18,6
20241021,서남권,동작구,17,6
20241021,서북권,마포구,17,6
20241021,서북권,서대문구,15,5
20241021,동남권,서초구,16,3
20241021,동북권,성동구,16,6
20241021,동북권,성북구,12,3
20241021,동남권,송파구,17,6
20241021,서남권,양천구,17,6
20241021,서남권,영등포구,12,4
20241021,도심권,용산구,18,6
20241021,서북권,은평구,16,6
20241021,도심권,종로구,20,6
20241021,도심권,중구,13,6
20241021,동북권,중랑구,13,5
20241022,동남권,강남구,12,7
20241022,동남권,강동구,10,7
20241022,동북권,강북구,7,4
20241022,서남권,강서구,12,6
20241022,서남권,관악구,14,6
20241022,동북권,광진구,10,4
20241022,서남권,구로구,11,6
20241022,서남권,금천구,8,7
20241022,동북권,노원구,13,7
20241022,동북권,도봉구,10,5
20241022,동북권,동대문구,14,6
20241022,서남권,동작구,12,6
20241022,서북권,마포구,13,6
20241022,서북권,서대문구,9,4
20241022,동남권,서초구,12,3
20241022,동북권,성동구,12,6
20241022,동북권,성북구,5,4
20241022,동남권,송파구,11,5
20241022,서남권,양천구,13,6
20241022,서남권,영등포구,14,5
20241022,도심권,용산구,13,6
20241022,서북권,은평구,11,6
20241022,도심권,종로구,12,7
20241022,도심권,중구,11,7
20241022,동북권,중랑구,10,5
20241023,동남권,강남구,15,7
20241023,동남권,강동구,15,8
20241023,동북권,강북구,13,6
20241023,서남권,강서구,14,6
20241023,서남권,관악구,17,6
20241023,동북권,광진구,15,6
20241023,서남권,구로구,15,6
20241023,서남권,금천구,12,8
20241023,동북권,노원구,15,6
20241023,동북권,도봉구,13,6
20241023,동북권,동대문구,15,6
20241023,서남권,동작구,15,6
20241023,서북권,마포구,14,6
20241023,서북권,서대문구,14,6
20241023,동남권,서초구,22,13
20241023,동북권,성동구,14,6
20241023,동북권,성북구,14,5
20241023,동남권,송파구,15,7
20241023,서남권,양천구,14,6
20241023,서남권,영등포구,14,6
20241023,도심권,용산구,16,6
20241023,서북권,은평구,17,7
20241023,도심권,종로구,15,7
20241023,도심권,중구,12,6
20241023,동북권,중랑구,13,6
20241024,동남권,강남구,26,15
20241024,동남권,강동구,29,19
20241024,동북권,강북구,22,14
20241024,서남권,강서구,25,14
20241024,서남권,관악구,29,16
20241024,동북권,광진구,25,15
20241024,서남권,구로구,29,16
20241024,서남권,금천구,21,16
20241024,동북권,노원구,28,16
20241024,동북권,도봉구,28,17
20241024,동북권,동대문구,29,16
20241024,서남권,동작구,26,14
20241024,서북권,마포구,25,14
20241024,서북권,서대문구,23,14
20241024,동남권,서초구,33,19
20241024,동북권,성동구,28,16
20241024,동북권,성북구,29,17
20241024,동남권,송파구,27,16
20241024,서남권,양천구,24,15
20241024,서남권,영등포구,25,14
20241024,도심권,용산구,31,18
20241024,서북권,은평구,23,14
20241024,도심권,종로구,26,17
20241024,도심권,중구,21,14
20241024,동북권,중랑구,23,14
20241025,동남권,강남구,24,13
20241025,동남권,강동구,24,15
20241025,동북권,강북구,20,12
20241025,서남권,강서구,28,16
20241025,서남권,관악구,32,15
20241025,동북권,광진구,21,11
20241025,서남권,구로구,29,15
20241025,서남권,금천구,21,15
20241025,동북권,노원구,26,15
20241025,동북권,도봉구,25,14
20241025,동북권,동대문구,29,15
20241025,서남권,동작구,26,15
20241025,서북권,마포구,29,16
20241025,서북권,서대문구,21,12
20241025,동남권,서초구,31,17
20241025,동북권,성동구,25,13
20241025,동북권,성북구,28,16
20241025,동남권,송파구,27,14
20241025,서남권,양천구,29,17
20241025,서남권,영등포구,30,17
20241025,도심권,용산구,30,16
20241025,서북권,은평구,21,12
20241025,도심권,종로구,26,16
20241025,도심권,중구,25,17
20241025,동북권,중랑구,20,12
20241026,동남권,강남구,23,12
20241026,동남권,강동구,21,13
20241026,동북권,강북구,17,11
20241026,서남권,강서구,25,14
20241026,서남권,관악구,26,14
20241026,동북권,광진구,19,10
20241026,서남권,구로구,24,12
20241026,서남권,금천구,15,11
20241026,동북권,노원구,24,13
20241026,동북권,도봉구,20,11
20241026,동북권,동대문구,26,13
20241026,서남권,동작구,20,10
20241026,서북권,마포구,24,13
20241026,서북권,서대문구,17,10
20241026,동남권,서초구,22,11
20241026,동북권,성동구,22,12
20241026,동북권,성북구,23,11
20241026,동남권,송파구,22,11
20241026,서남권,양천구,25,14
20241026,서남권,영등포구,26,14
20241026,도심권,용산구,25,14
20241026,서북권,은평구,16,9
20241026,도심권,종로구,24,14
20241026,도심권,중구,21,14
20241026,동북권,중랑구,16,9
20241027,동남권,강남구,27,16
20241027,동남권,강동구,29,20
20241027,동북권,강북구,22,15
20241027,서남권,강서구,30,17
20241027,서남권,관악구,30,18
20241027,동북권,광진구,25,15
20241027,서남권,구로구,30,16
20241027,서남권,금천구,24,17
20241027,동북권,노원구,25,15
20241027,동북권,도봉구,25,14
20241027,동북권,동대문구,30,17
20241027,서남권,동작구,26,15
20241027,서북권,마포구,28,16
20241027,서북권,서대문구,26,17
20241027,동남권,서초구,28,17
20241027,동북권,성동구,27,16
20241027,동북권,성북구,27,15
20241027,동남권,송파구,26,15
20241027,서남권,양천구,27,17
20241027,서남권,영등포구,25,16
20241027,도심권,용산구,30,18
20241027,서북권,은평구,28,16
20241027,도심권,종로구,26,18
20241027,도심권,중구,25,17
20241027,동북권,중랑구,23,14
20241028,동남권,강남구,28,18
20241028,동남권,강동구,27,19
20241028,동북권,강북구,29,20
20241028,서남권,강서구,61,41
20241028,서남권,관악구,35,22
20241028,동북권,광진구,23,15
20241028,서남권,구로구,38,25
20241028,서남권,금천구,32,24
20241028,동북권,노원구,32,21
20241028,동북권,도봉구,31,22
20241028,동북권,동대문구,30,19
20241028,서남권,동작구,33,21
20241028,서북권,마포구,35,23
20241028,서북권,서대문구,31,22
20241028,동남권,서초구,34,24
20241028,동북권,성동구,27,17
20241028,동북권,성북구,30,20
20241028,동남권,송파구,29,18
20241028,서남권,양천구,41,28
20241028,서남권,영등포구,35,24
20241028,도심권,용산구,29,19
20241028,서북권,은평구,32,23
20241028,도심권,종로구,28,20
20241028,도심권,중구,27,21
20241028,동북권,중랑구,24,16
20241029,동남권,강남구,16,7
20241029,동남권,강동구,14,8
20241029,동북권,강북구,10,6
20241029,서남권,강서구,22,12
20241029,서남권,관악구,17,8
20241029,동북권,광진구,14,6
20241029,서남권,구로구,17,6
20241029,서남권,금천구,10,8
20241029,동북권,노원구,14,6
20241029,동북권,도봉구,11,5
20241029,동북권,동대문구,15,6
20241029,서남권,동작구,17,7
20241029,서북권,마포구,15,7
20241029,서북권,서대문구,12,6
20241029,동남권,서초구,16,7
20241029,동북권,성동구,15,7
20241029,동북권,성북구,13,6
20241029,동남권,송파구,16,7
20241029,서남권,양천구,15,7
20241029,서남권,영등포구,16,8
20241029,도심권,용산구,18,8
20241029,서북권,은평구,14,6
20241029,도심권,종로구,13,7
20241029,도심권,중구,13,7
20241029,동북권,중랑구,12,6
20241030,동남권,강남구,27,15
20241030,동남권,강동구,28,18
20241030,동북권,강북구,23,14
20241030,서남권,강서구,28,16
20241030,서남권,관악구,30,17
20241030,동북권,광진구,25,14
20241030,서남권,구로구,33,18
20241030,서남권,금천구,23,17
20241030,동북권,노원구,26,15
20241030,동북권,도봉구,25,14
20241030,동북권,동대문구,30,16
20241030,서남권,동작구,27,15
20241030,서북권,마포구,27,15
20241030,서북권,서대문구,26,14
20241030,동남권,서초구,33,18
20241030,동북권,성동구,27,15
20241030,동북권,성북구,29,16
20241030,동남권,송파구,30,16
20241030,서남권,양천구,28,16
20241030,서남권,영등포구,27,15
20241030,도심권,용산구,30,17
20241030,서북권,은평구,27,15
20241030,도심권,종로구,27,17
20241030,도심권,중구,22,15
20241030,동북권,중랑구,23,14
20241031,동남권,강남구,34,20
20241031,동남권,강동구,32,20
20241031,동북권,강북구,27,17
20241031,서남권,강서구,36,22
20241031,서남권,관악구,39,23
20241031,동북권,광진구,29,17
20241031,서남권,구로구,41,24
20241031,서남권,금천구,28,21
20241031,동북권,노원구,33,20
20241031,동북권,도봉구,30,19
20241031,동북권,동대문구,36,20
20241031,서남권,동작구,34,20
20241031,서북권,마포구,34,20
20241031,서북권,서대문구,30,18
20241031,동남권,서초구,44,26
20241031,동북권,성동구,32,18
20241031,동북권,성북구,32,19
20241031,동남권,송파구,33,19
20241031,서남권,양천구,36,23
20241031,서남권,영등포구,36,21
20241031,도심권,용산구,37,22
20241031,서북권,은평구,30,17
20241031,도심권,종로구,32,23
20241031,도심권,중구,28,20
20241031,동북권,중랑구,28,18
20241101,동남권,강남구,35,21
20241101,동남권,강동구,33,21
20241101,동북권,강북구,31,22
20241101,서남권,강서구,45,27
20241101,서남권,관악구,42,26
20241101,동북권,광진구,31,19
20241101,서남권,구로구,45,26
20241101,서남권,금천구,35,25
20241101,동북권,노원구,40,26
20241101,동북권,도봉구,39,24
20241101,동북권,동대문구,40,23
20241101,서남권,동작구,38,23
20241101,서북권,마포구,41,24
20241101,서북권,서대문구,37,23
20241101,동남권,서초구,44,26
20241101,동북권,성동구,35,21
20241101,동북권,성북구,40,23
20241101,동남권,송파구,36,22
20241101,서남권,양천구,44,27
20241101,서남권,영등포구,40,25
20241101,도심권,용산구,41,24
20241101,서북권,은평구,37,22
20241101,도심권,종로구,37,25
20241101,도심권,중구,34,24
20241101,동북권,중랑구,33,21
20241102,동남권,강남구,33,20
20241102,동남권,강동구,30,19
20241102,동북권,강북구,25,17
20241102,서남권,강서구,36,23
20241102,서남권,관악구,36,22
20241102,동북권,광진구,29,18
20241102,서남권,구로구,35,20
20241102,서남권,금천구,29,22
20241102,동북권,노원구,34,21
20241102,동북권,도봉구,28,17
20241102,동북권,동대문구,34,20
20241102,서남권,동작구,33,21
20241102,서북권,마포구,33,21
20241102,서북권,서대문구,25,15
20241102,동남권,서초구,34,20
20241102,동북권,성동구,33,19
20241102,동북권,성북구,28,18
20241102,동남권,송파구,34,20
20241102,서남권,양천구,35,22
20241102,서남권,영등포구,33,22
20241102,도심권,용산구,35,21
20241102,서북권,은평구,27,17
20241102,도심권,종로구,32,20
20241102,도심권,중구,27,19
20241102,동북권,중랑구,29,18
20241103,동남권,강남구,24,15
20241103,동남권,강동구,25,17
20241103,동북권,강북구,23,15
20241103,서남권,강서구,25,15
20241103,서남권,관악구,29,15
20241103,동북권,광진구,25,14
20241103,서남권,구로구,25,14
20241103,서남권,금천구,22,17
20241103,동북권,노원구,27,16
20241103,동북권,도봉구,23,13
20241103,동북권,동대문구,27,15
20241103,서남권,동작구,25,14
20241103,서북권,마포구,25,14
20241103,서북권,서대문구,23,13
20241103,동남권,서초구,24,15
20241103,동북권,성동구,25,14
20241103,동북권,성북구,25,13
20241103,동남권,송파구,26,15
20241103,서남권,양천구,24,16
20241103,서남권,영등포구,23,15
20241103,도심권,용산구,27,15
20241103,서북권,은평구,26,15
20241103,도심권,종로구,23,16
20241103,도심권,중구,22,15
20241103,동북권,중랑구,26,15
20241104,동남권,강남구,25,13
20241104,동남권,강동구,28,17
20241104,동북권,강북구,24,13
20241104,서남권,강서구,25,12
20241104,서남권,관악구,27,12
20241104,동북권,광진구,25,12
20241104,서남권,구로구,28,11
20241104,서남권,금천구,24,16
20241104,동북권,노원구,26,13
20241104,동북권,도봉구,25,14
20241104,동북권,동대문구,26,13
20241104,서남권,동작구,25,13
20241104,서북권,마포구,25,14
20241104,서북권,서대문구,26,13
20241104,동남권,서초구,25,12
20241104,동북권,성동구,25,12
20241104,동북권,성북구,27,12
20241104,동남권,송파구,26,13
20241104,서남권,양천구,25,13
20241104,서남권,영등포구,23,12
20241104,도심권,용산구,27,12
20241104,서북권,은평구,29,16
20241104,도심권,종로구,25,13
20241104,도심권,중구,21,12
20241104,동북권,중랑구,27,13
20241105,동남권,강남구,26,11
20241105,동남권,강동구,27,11
20241105,동북권,강북구,22,9
20241105,서남권,강서구,26,10
20241105,서남권,관악구,27,10
20241105,동북권,광진구,25,10
20241105,서남권,구로구,30,7
20241105,서남권,금천구,24,13
20241105,동북권,노원구,28,11
20241105,동북권,도봉구,25,9
20241105,동북권,동대문구,26,9
20241105,서남권,동작구,27,11
20241105,서북권,마포구,26,10
20241105,서북권,서대문구,24,10
20241105,동남권,서초구,31,9
20241105,동북권,성동구,25,9
20241105,동북권,성북구,23,7
20241105,동남권,송파구,29,11
20241105,서남권,양천구,28,10
20241105,서남권,영등포구,25,10
20241105,도심권,용산구,30,10
20241105,서북권,은평구,25,11
20241105,도심권,종로구,25,11
20241105,도심권,중구,20,10
20241105,동북권,중랑구,26,10
20241106,동남권,강남구,26,12
20241106,동남권,강동구,28,12
20241106,동북권,강북구,23,12
20241106,서남권,강서구,28,12
20241106,서남권,관악구,29,13
20241106,동북권,광진구,26,13
20241106,서남권,구로구,32,11
20241106,서남권,금천구,25,16
20241106,동북권,노원구,29,14
20241106,동북권,도봉구,24,10
20241106,동북권,동대문구,26,11
20241106,서남권,동작구,27,15
20241106,서북권,마포구,27,13
20241106,서북권,서대문구,27,12
20241106,동남권,서초구,33,13
20241106,동북권,성동구,26,11
20241106,동북권,성북구,26,9
20241106,동남권,송파구,29,12
20241106,서남권,양천구,29,14
20241106,서남권,영등포구,27,14
20241106,도심권,용산구,28,12
20241106,서북권,은평구,27,11
20241106,도심권,종로구,20,10
20241106,도심권,중구,22,13
20241106,동북권,중랑구,20,9
20241107,동남권,강남구,40,21
20241107,동남권,강동구,39,23
20241107,동북권,강북구,35,20
20241107,서남권,강서구,43,20
20241107,서남권,관악구,44,23
20241107,동북권,광진구,41,25
20241107,서남권,구로구,47,20
20241107,서남권,금천구,38,26
20241107,동북권,노원구,43,24
20241107,동북권,도봉구,37,21
20241107,동북권,동대문구,47,25
20241107,서남권,동작구,41,24
20241107,서북권,마포구,41,23
20241107,서북권,서대문구,36,20
20241107,동남권,서초구,49,25
20241107,동북권,성동구,43,22
20241107,동북권,성북구,43,22
20241107,동남권,송파구,40,20
20241107,서남권,양천구,42,21
20241107,서남권,영등포구,38,22
20241107,도심권,용산구,43,22
20241107,서북권,은평구,41,17
20241107,도심권,종로구,48,31
20241107,도심권,중구,35,22
20241107,동북권,중랑구,44,28
20241108,동남권,강남구,32,18
20241108,동남권,강동구,33,20
20241108,동북권,강북구,29,18
20241108,서남권,강서구,40,22
20241108,서남권,관악구,42,26
20241108,동북권,광진구,31,20
20241108,서남권,구로구,44,25
20241108,서남권,금천구,32,24
20241108,동북권,노원구,36,22
20241108,동북권,도봉구,30,19
20241108,동북권,동대문구,39,22
20241108,서남권,동작구,35,22
20241108,서북권,마포구,39,24
20241108,서북권,서대문구,32,20
20241108,동남권,서초구,45,28
20241108,동북권,성동구,36,21
20241108,동북권,성북구,33,20
20241108,동남권,송파구,35,17
20241108,서남권,양천구,39,23
20241108,서남권,영등포구,35,23
20241108,도심권,용산구,39,24
20241108,서북권,은평구,35,20
20241108,도심권,종로구,37,25
20241108,도심권,중구,28,20
20241108,동북권,중랑구,30,20
20241109,동남권,강남구,28,16
20241109,동남권,강동구,30,20
20241109,동북권,강북구,25,16
20241109,서남권,강서구,38,22
20241109,서남권,관악구,37,22
20241109,동북권,광진구,26,15
20241109,서남권,구로구,44,23
20241109,서남권,금천구,27,20
20241109,동북권,노원구,32,21
20241109,동북권,도봉구,30,18
20241109,동북권,동대문구,37,21
20241109,서남권,동작구,28,17
20241109,서북권,마포구,36,23
20241109,서북권,서대문구,25,15
20241109,동남권,서초구,37,21
20241109,동북권,성동구,33,18
20241109,동북권,성북구,33,20
20241109,동남권,송파구,31,17
20241109,서남권,양천구,36,22
20241109,서남권,영등포구,32,21
20241109,도심권,용산구,38,23
20241109,서북권,은평구,30,14
20241109,도심권,종로구,33,22
20241109,도심권,중구,26,18
20241109,동북권,중랑구,24,15
20241110,동남권,강남구,24,14
20241110,동남권,강동구,24,17
20241110,동북권,강북구,23,15
20241110,서남권,강서구,27,17
20241110,서남권,관악구,27,16
20241110,동북권,광진구,22,14
20241110,서남권,구로구,28,16
20241110,서남권,금천구,24,18
20241110,동북권,노원구,29,17
20241110,동북권,도봉구,25,15
20241110,동북권,동대문구,28,16
20241110,서남권,동작구,25,16
20241110,서북권,마포구,24,14
20241110,서북권,서대문구,22,13
20241110,동남권,서초구,26,16
20241110,동북권,성동구,24,14
20241110,동북권,성북구,27,16
20241110,동남권,송파구,26,14
20241110,서남권,양천구,25,16
20241110,서남권,영등포구,24,16
20241110,도심권,용산구,28,16
20241110,서북권,은평구,23,11
20241110,도심권,종로구,25,17
20241110,도심권,중구,21,15
20241110,동북권,중랑구,21,13
20241111,동남권,강남구,52,32
20241111,동남권,강동구,48,31
20241111,동북권,강북구,46,27
20241111,서남권,강서구,55,33
20241111,서남권,관악구,60,35
20241111,동북권,광진구,45,27
20241111,서남권,구로구,68,40
20241111,서남권,금천구,54,38
20241111,동북권,노원구,49,28
20241111,동북권,도봉구,47,27
20241111,동북권,동대문구,52,27
20241111,서남권,동작구,53,32
20241111,서북권,마포구,50,31
20241111,서북권,서대문구,47,27
20241111,동남권,서초구,62,38
20241111,동북권,성동구,50,26
20241111,동북권,성북구,50,27
20241111,동남권,송파구,51,29
20241111,서남권,양천구,59,34
20241111,서남권,영등포구,50,33
20241111,도심권,용산구,55,31
20241111,서북권,은평구,47,25
20241111,도심권,종로구,49,30
20241111,도심권,중구,41,28
20241111,동북권,중랑구,48,28
20241112,동남권,강남구,38,25
20241112,동남권,강동구,43,27
20241112,동북권,강북구,32,20
20241112,서남권,강서구,37,22
20241112,서남권,관악구,41,24
20241112,동북권,광진구,39,23
20241112,서남권,구로구,44,27
20241112,서남권,금천구,38,28
20241112,동북권,노원구,40,23
20241112,동북권,도봉구,34,21
20241112,동북권,동대문구,39,22
20241112,서남권,동작구,38,23
20241112,서북권,마포구,36,23
20241112,서북권,서대문구,35,22
20241112,동남권,서초구,42,28
20241112,동북권,성동구,39,24
20241112,동북권,성북구,,
20241112,동남권,송파구,42,25
20241112,서남권,양천구,36,22
20241112,서남권,영등포구,35,24
20241112,도심권,용산구,40,23
20241112,서북권,은평구,37,20
20241112,도심권,종로구,36,23
20241112,도심권,중구,32,23
20241112,동북권,중랑구,37,23
20241113,동남권,강남구,36,22
20241113,동남권,강동구,38,23
20241113,동북권,강북구,33,19
20241113,서남권,강서구,45,24
20241113,서남권,관악구,41,23
20241113,동북권,광진구,36,19
20241113,서남권,구로구,48,26
20241113,서남권,금천구,35,24
20241113,동북권,노원구,42,22
20241113,동북권,도봉구,35,19
20241113,동북권,동대문구,44,21
20241113,서남권,동작구,36,21
20241113,서북권,마포구,40,21
20241113,서북권,서대문구,32,16
20241113,동남권,서초구,44,23
20241113,동북권,성동구,39,19
20241113,동북권,성북구,,
20241113,동남권,송파구,39,20
20241113,서남권,양천구,43,24
20241113,서남권,영등포구,39,24
20241113,도심권,용산구,44,23
20241113,서북권,은평구,35,17
20241113,도심권,종로구,41,24
20241113,도심권,중구,34,22
20241113,동북권,중랑구,36,19
20241114,동남권,강남구,32,18
20241114,동남권,강동구,33,19
20241114,동북권,강북구,28,15
20241114,서남권,강서구,38,19
20241114,서남권,관악구,35,18
20241114,동북권,광진구,30,15
20241114,서남권,구로구,,18
20241114,서남권,금천구,29,19
20241114,동북권,노원구,33,17
20241114,동북권,도봉구,30,16
20241114,동북권,동대문구,36,17
20241114,서남권,동작구,34,18
20241114,서북권,마포구,35,19
20241114,서북권,서대문구,32,14
20241114,동남권,서초구,34,17
20241114,동북권,성동구,33,15
20241114,동북권,성북구,,
20241114,동남권,송파구,34,17
20241114,서남권,양천구,36,18
20241114,서남권,영등포구,37,19
20241114,도심권,용산구,36,16
20241114,서북권,은평구,31,15
20241114,도심권,종로구,34,18
20241114,도심권,중구,31,19
20241114,동북권,중랑구,31,15
20241115,동남권,강남구,26,16
20241115,동남권,강동구,27,18
20241115,동북권,강북구,27,16
20241115,서남권,강서구,31,19
20241115,서남권,관악구,28,17
20241115,동북권,광진구,26,15
20241115,서남권,구로구,28,15
20241115,서남권,금천구,24,17
20241115,동북권,노원구,32,15
20241115,동북권,도봉구,28,17
20241115,동북권,동대문구,30,16
20241115,서남권,동작구,27,16
20241115,서북권,마포구,28,15
20241115,서북권,서대문구,25,14
20241115,동남권,서초구,28,17
20241115,동북권,성동구,29,16
20241115,동북권,성북구,,
20241115,동남권,송파구,29,18
20241115,서남권,양천구,24,14
20241115,서남권,영등포구,30,18
20241115,도심권,용산구,29,16
20241115,서북권,은평구,28,15
20241115,도심권,종로구,29,17
20241115,도심권,중구,26,18
20241115,동북권,중랑구,26,15
20241116,동남권,강남구,21,14
20241116,동남권,강동구,23,18
20241116,동북권,강북구,20,14
20241116,서남권,강서구,20,12
20241116,서남권,관악구,23,13
20241116,동북권,광진구,23,15
20241116,서남권,구로구,22,12
20241116,서남권,금천구,19,15
20241116,동북권,노원구,26,14
20241116,동북권,도봉구,20,12
20241116,동북권,동대문구,25,14
20241116,서남권,동작구,21,13
20241116,서북권,마포구,20,12
20241116,서북권,서대문구,20,12
20241116,동남권,서초구,22,14
20241116,동북권,성동구,23,12
20241116,동북권,성북구,,
20241116,동남권,송파구,22,13
20241116,서남권,양천구,18,12
20241116,서남권,영등포구,23,14
20241116,도심권,용산구,23,13
20241116,서북권,은평구,22,12
20241116,도심권,종로구,26,15
20241116,도심권,중구,21,13
20241116,동북권,중랑구,22,14
20241117,동남권,강남구,18,10
20241117,동남권,강동구,22,11
20241117,동북권,강북구,18,9
20241117,서남권,강서구,17,7
20241117,서남권,관악구,21,8
20241117,동북권,광진구,19,9
20241117,서남권,구로구,23,8
20241117,서남권,금천구,16,10
20241117,동북권,노원구,21,9
20241117,동북권,도봉구,17,8
20241117,동북권,동대문구,19,9
20241117,서남권,동작구,20,10
20241117,서북권,마포구,18,8
20241117,서북권,서대문구,19,8
20241117,동남권,서초구,22,10
20241117,동북권,성동구,18,9
20241117,동북권,성북구,,
20241117,동남권,송파구,20,10
20241117,서남권,양천구,18,9
20241117,서남권,영등포구,18,8
20241117,도심권,용산구,20,7
20241117,서북권,은평구,21,8
20241117,도심권,종로구,19,9
20241117,도심권,중구,16,9
20241117,동북권,중랑구,19,10
20241118,동남권,강남구,15,7
20241118,동남권,강동구,18,7
20241118,동북권,강북구,16,7
20241118,서남권,강서구,17,6
20241118,서남권,관악구,20,8
20241118,동북권,광진구,15,6
20241118,서남권,구로구,23,7
20241118,서남권,금천구,15,10
20241118,동북권,노원구,18,7
20241118,동북권,도봉구,16,6
20241118,동북권,동대문구,17,5
20241118,서남권,동작구,18,9
20241118,서북권,마포구,17,8
20241118,서북권,서대문구,16,7
20241118,동남권,서초구,23,9
20241118,동북권,성동구,15,5
20241118,동북권,성북구,20,5
20241118,동남권,송파구,16,6
20241118,서남권,양천구,17,7
20241118,서남권,영등포구,17,8
20241118,도심권,용산구,19,7
20241118,서북권,은평구,15,6
20241118,도심권,종로구,16,7
20241118,도심권,중구,13,7
20241118,동북권,중랑구,16,7
20241119,동남권,강남구,21,12
20241119,동남권,강동구,22,13
20241119,동북권,강북구,22,11
20241119,서남권,강서구,29,12
20241119,서남권,관악구,27,12
20241119,동북권,광진구,20,10
20241119,서남권,구로구,29,13
20241119,서남권,금천구,22,16
20241119,동북권,노원구,28,15
20241119,동북권,도봉구,29,14
20241119,동북권,동대문구,29,12
20241119,서남권,동작구,25,13
20241119,서북권,마포구,24,11
20241119,서북권,서대문구,21,11
20241119,동남권,서초구,30,14
20241119,동북권,성동구,23,10
20241119,동북권,성북구,26,12
20241119,동남권,송파구,28,14
20241119,서남권,양천구,25,13
20241119,서남권,영등포구,24,12
20241119,도심권,용산구,29,12
20241119,서북권,은평구,24,10
20241119,도심권,종로구,27,13
20241119,도심권,중구,20,12
20241119,동북권,중랑구,23,12
20241120,동남권,강남구,38,24
20241120,동남권,강동구,43,27
20241120,동북권,강북구,34,21
20241120,서남권,강서구,42,25
20241120,서남권,관악구,41,24
20241120,동북권,광진구,36,21
20241120,서남권,구로구,48,29
20241120,서남권,금천구,38,28
20241120,동북권,노원구,40,23
20241120,동북권,도봉구,36,22
20241120,동북권,동대문구,42,23
20241120,서남권,동작구,37,23
20241120,서북권,마포구,37,27
20241120,서북권,서대문구,38,23
20241120,동남권,서초구,47,27
20241120,동북권,성동구,38,21
20241120,동북권,성북구,43,24
20241120,동남권,송파구,36,20
20241120,서남권,양천구,43,27
20241120,서남권,영등포구,40,25
20241120,도심권,용산구,39,23
20241120,서북권,은평구,40,19
20241120,도심권,종로구,42,24
20241120,도심권,중구,35,25
20241120,동북권,중랑구,37,23
20241121,동남권,강남구,53,37
20241121,동남권,강동구,59,44
20241121,동북권,강북구,51,33
20241121,서남권,강서구,54,34
20241121,서남권,관악구,59,38
20241121,동북권,광진구,50,35
20241121,서남권,구로구,65,43
20241121,서남권,금천구,53,41
20241121,동북권,노원구,56,35
20241121,동북권,도봉구,53,36
20241121,동북권,동대문구,59,35
20241121,서남권,동작구,55,35
20241121,서북권,마포구,48,37
20241121,서북권,서대문구,52,36
20241121,동남권,서초구,65,44
20241121,동북권,성동구,56,33
20241121,동북권,성북구,54,33
20241121,동남권,송파구,47,29
20241121,서남권,양천구,57,38
20241121,서남권,영등포구,53,37
20241121,도심권,용산구,49,34
20241121,서북권,은평구,59,32
20241121,도심권,종로구,55,35
20241121,도심권,중구,50,37
20241121,동북권,중랑구,54,37
20241122,동남권,강남구,33,20
20241122,동남권,강동구,36,22
20241122,동북권,강북구,32,19
20241122,서남권,강서구,36,17
20241122,서남권,관악구,37,21
20241122,동북권,광진구,32,19
20241122,서남권,구로구,40,19
20241122,서남권,금천구,34,23
20241122,동북권,노원구,38,22
20241122,동북권,도봉구,32,18
20241122,동북권,동대문구,35,18
20241122,서남권,동작구,34,20
20241122,서북권,마포구,33,20
20241122,서북권,서대문구,32,18
20241122,동남권,서초구,38,20
20241122,동북권,성동구,33,18
20241122,동북권,성북구,31,17
20241122,동남권,송파구,34,19
20241122,서남권,양천구,33,19
20241122,서남권,영등포구,31,18
20241122,도심권,용산구,36,19
20241122,서북권,은평구,34,17
20241122,도심권,종로구,34,20
20241122,도심권,중구,31,21
20241122,동북권,중랑구,34,22
20241123,동남권,강남구,22,14
20241123,동남권,강동구,23,15
20241123,동북권,강북구,17,11
20241123,서남권,강서구,29,14
20241123,서남권,관악구,30,18
20241123,동북권,광진구,17,10
20241123,서남권,구로구,30,15
20241123,서남권,금천구,23,16
20241123,동북권,노원구,24,15
20241123,동북권,도봉구,19,11
20241123,동북권,동대문구,27,14
20241123,서남권,동작구,24,14
20241123,서북권,마포구,23,14
20241123,서북권,서대문구,16,9
20241123,동남권,서초구,31,18
20241123,동북권,성동구,23,13
20241123,동북권,성북구,20,12
20241123,동남권,송파구,23,13
20241123,서남권,양천구,25,16
20241123,서남권,영등포구,24,14
20241123,도심권,용산구,28,16
20241123,서북권,은평구,19,8
20241123,도심권,종로구,24,15
20241123,도심권,중구,18,13
20241123,동북권,중랑구,19,12
20241124,동남권,강남구,14,9
20241124,동남권,강동구,20,14
20241124,동북권,강북구,14,9
20241124,서남권,강서구,27,14
20241124,서남권,관악구,23,14
20241124,동북권,광진구,13,8
20241124,서남권,구로구,22,11
20241124,서남권,금천구,17,14
20241124,동북권,노원구,21,13
20241124,동북권,도봉구,17,11
20241124,동북권,동대문구,21,11
20241124,서남권,동작구,18,11
20241124,서북권,마포구,15,11
20241124,서북권,서대문구,14,8
20241124,동남권,서초구,21,11
20241124,동북권,성동구,15,9
20241124,동북권,성북구,18,10
20241124,동남권,송파구,19,11
20241124,서남권,양천구,20,14
20241124,서남권,영등포구,17,11
20241124,도심권,용산구,18,9
20241124,서북권,은평구,15,6
20241124,도심권,종로구,16,11
20241124,도심권,중구,13,8
20241124,동북권,중랑구,15,9
20241125,동남권,강남구,20,12
20241125,동남권,강동구,24,13
20241125,동북권,강북구,18,11
20241125,서남권,강서구,25,11
20241125,서남권,관악구,25,14
20241125,동북권,광진구,18,10
20241125,서남권,구로구,26,13
20241125,서남권,금천구,18,14
20241125,동북권,노원구,24,14
20241125,동북권,도봉구,19,11
20241125,동북권,동대문구,25,12
20241125,서남권,동작구,23,14
20241125,서북권,마포구,20,11
20241125,서북권,서대문구,18,9
20241125,동남권,서초구,26,14
20241125,동북권,성동구,22,13
20241125,동북권,성북구,22,12
20241125,동남권,송파구,22,13
20241125,서남권,양천구,23,14
20241125,서남권,영등포구,24,14
20241125,도심권,용산구,23,12
20241125,서북권,은평구,18,8
20241125,도심권,종로구,23,14
20241125,도심권,중구,20,14
20241125,동북권,중랑구,19,12
20241126,동남권,강남구,10,6
20241126,동남권,강동구,12,7
20241126,동북권,강북구,11,5
20241126,서남권,강서구,12,4
20241126,서남권,관악구,13,5
20241126,동북권,광진구,10,4
20241126,서남권,구로구,12,6
20241126,서남권,금천구,10,6
20241126,동북권,노원구,10,4
20241126,동북권,도봉구,8,5
20241126,동북권,동대문구,10,4
20241126,서남권,동작구,10,5
20241126,서북권,마포구,9,4
20241126,서북권,서대문구,9,4
20241126,동남권,서초구,10,4
20241126,동북권,성동구,8,4
20241126,동북권,성북구,8,3
20241126,동남권,송파구,11,5
20241126,서남권,양천구,9,5
20241126,서남권,영등포구,11,4
20241126,도심권,용산구,11,4
20241126,서북권,은평구,11,4
20241126,도심권,종로구,10,5
20241126,도심권,중구,9,4
20241126,동북권,중랑구,11,6
20241127,동남권,강남구,8,6
20241127,동남권,강동구,13,9
20241127,동북권,강북구,11,6
20241127,서남권,강서구,11,5
20241127,서남권,관악구,12,6
20241127,동북권,광진구,10,5
20241127,서남권,구로구,13,7
20241127,서남권,금천구,7,6
20241127,동북권,노원구,10,6
20241127,동북권,도봉구,10,6
20241127,동북권,동대문구,10,5
20241127,서남권,동작구,9,6
20241127,서북권,마포구,8,5
20241127,서북권,서대문구,10,7
20241127,동남권,서초구,12,7
20241127,동북권,성동구,8,5
20241127,동북권,성북구,8,5
20241127,동남권,송파구,10,6
20241127,서남권,양천구,8,7
20241127,서남권,영등포구,10,6
20241127,도심권,용산구,10,6
20241127,서북권,은평구,10,6
20241127,도심권,종로구,9,6
20241127,도심권,중구,8,6
20241127,동북권,중랑구,10,7
20241128,동남권,강남구,15,12
20241128,동남권,강동구,18,14
20241128,동북권,강북구,18,12
20241128,서남권,강서구,20,11
20241128,서남권,관악구,19,11
20241128,동북권,광진구,16,11
20241128,서남권,구로구,23,13
20241128,서남권,금천구,16,13
20241128,동북권,노원구,20,13
20241128,동북권,도봉구,18,12
20241128,동북권,동대문구,20,11
20241128,서남권,동작구,16,12
20241128,서북권,마포구,17,12
20241128,서북권,서대문구,19,13
20241128,동남권,서초구,20,12
20241128,동북권,성동구,15,11
20241128,동북권,성북구,16,12
20241128,동남권,송파구,18,11
20241128,서남권,양천구,17,14
20241128,서남권,영등포구,18,12
20241128,도심권,용산구,18,11
20241128,서북권,은평구,19,11
20241128,도심권,종로구,18,13
20241128,도심권,중구,16,12
20241128,동북권,중랑구,18,13
20241129,동남권,강남구,29,17
20241129,동남권,강동구,36,22
20241129,동북권,강북구,28,16
20241129,서남권,강서구,34,17
20241129,서남권,관악구,35,18
20241129,동북권,광진구,29,16
20241129,서남권,구로구,37,19
20241129,서남권,금천구,29,20
20241129,동북권,노원구,33,19
20241129,동북권,도봉구,29,17
20241129,동북권,동대문구,33,17
20241129,서남권,동작구,30,17
20241129,서북권,마포구,29,17
20241129,서북권,서대문구,32,19
20241129,동남권,서초구,37,19
20241129,동북권,성동구,30,16
20241129,동북권,성북구,29,16
20241129,동남권,송파구,31,18
20241129,서남권,양천구,31,20
20241129,서남권,영등포구,30,17
20241129,도심권,용산구,32,18
20241129,서북권,은평구,30,15
20241129,도심권,종로구,31,18
20241129,도심권,중구,27,18
20241129,동북권,중랑구,30,17
20241130,동남권,강남구,22,14
20241130,동남권,강동구,29,21
20241130,동북권,강북구,23,15
20241130,서남권,강서구,28,15
20241130,서남권,관악구,26,15
20241130,동북권,광진구,22,14
20241130,서남권,구로구,30,16
20241130,서남권,금천구,21,15
20241130,동북권,노원구,26,16
20241130,동북권,도봉구,26,17
20241130,동북권,동대문구,28,16
20241130,서남권,동작구,23,14
20241130,서북권,마포구,26,18
20241130,서북권,서대문구,29,18
20241130,동남권,서초구,33,17
20241130,동북권,성동구,23,14
20241130,동북권,성북구,26,16
20241130,동남권,송파구,23,14
20241130,서남권,양천구,26,17
20241130,서남권,영등포구,25,16
20241130,도심권,용산구,26,15
20241130,서북권,은평구,25,13
20241130,도심권,종로구,25,16
20241130,도심권,중구,24,16
20241130,동북권,중랑구,24,15
20241201,동남권,강남구,30,22
20241201,동남권,강동구,37,29
20241201,동북권,강북구,25,17
20241201,서남권,강서구,36,22
20241201,서남권,관악구,39,26
20241201,동북권,광진구,26,18
20241201,서남권,구로구,41,29
20241201,서남권,금천구,34,28
20241201,동북권,노원구,33,20
20241201,동북권,도봉구,29,25
20241201,동북권,동대문구,34,21
20241201,서남권,동작구,37,24
20241201,서북권,마포구,29,25
20241201,서북권,서대문구,34,24
20241201,동남권,서초구,40,28
20241201,동북권,성동구,33,22
20241201,동북권,성북구,29,22
20241201,동남권,송파구,30,19
20241201,서남권,양천구,35,27
20241201,서남권,영등포구,33,24
20241201,도심권,용산구,29,21
20241201,서북권,은평구,32,19
20241201,도심권,종로구,30,20
20241201,도심권,중구,30,23
20241201,동북권,중랑구,28,20
20241202,동남권,강남구,41,27
20241202,동남권,강동구,49,35
20241202,동북권,강북구,40,24
20241202,서남권,강서구,41,21
20241202,서남권,관악구,45,26
20241202,동북권,광진구,38,23
20241202,서남권,구로구,48,30
20241202,서남권,금천구,39,26
20241202,동북권,노원구,43,24
20241202,동북권,도봉구,44,31
20241202,동북권,동대문구,48,28
20241202,서남권,동작구,40,24
20241202,서북권,마포구,38,27
20241202,서북권,서대문구,47,30
20241202,동남권,서초구,52,34
20241202,동북권,성동구,44,26
20241202,동북권,성북구,46,27
20241202,동남권,송파구,39,22
20241202,서남권,양천구,40,27
20241202,서남권,영등포구,40,25
20241202,도심권,용산구,40,25
20241202,서북권,은평구,48,27
20241202,도심권,종로구,45,26
20241202,도심권,중구,40,29
20241202,동북권,중랑구,41,26
20241203,동남권,강남구,15,7
20241203,동남권,강동구,21,9
20241203,동북권,강북구,15,7
20241203,서남권,강서구,18,5
20241203,서남권,관악구,18,6
20241203,동북권,광진구,16,7
20241203,서남권,구로구,20,7
20241203,서남권,금천구,16,9
20241203,동북권,노원구,17,6
20241203,동북권,도봉구,16,7
20241203,동북권,동대문구,18,7
20241203,서남권,동작구,17,9
20241203,서북권,마포구,16,7
20241203,서북권,서대문구,19,9
20241203,동남권,서초구,21,7
20241203,동북권,성동구,16,6
20241203,동북권,성북구,16,6
20241203,동남권,송파구,20,9
20241203,서남권,양천구,17,7
20241203,서남권,영등포구,16,7
20241203,도심권,용산구,17,6
20241203,서북권,은평구,18,7
20241203,도심권,종로구,16,7
20241203,도심권,중구,12,7
20241203,동북권,중랑구,17,7
20241204,동남권,강남구,22,12
20241204,동남권,강동구,29,14
20241204,동북권,강북구,19,10
20241204,서남권,강서구,26,11
20241204,서남권,관악구,23,10
20241204,동북권,광진구,21,10
20241204,서남권,구로구,27,11
20241204,서남권,금천구,21,14
20241204,동북권,노원구,23,11
20241204,동북권,도봉구,20,11
20241204,동북권,동대문구,23,10
20241204,서남권,동작구,21,12
20241204,서북권,마포구,20,11
20241204,서북권,서대문구,23,12
20241204,동남권,서초구,28,10
20241204,동북권,성동구,22,10
20241204,동북권,성북구,22,10
20241204,동남권,송파구,24,11
20241204,서남권,양천구,22,12
20241204,서남권,영등포구,20,10
20241204,도심권,용산구,22,10
20241204,서북권,은평구,25,10
20241204,도심권,종로구,21,12
20241204,도심권,중구,17,9
20241204,동북권,중랑구,23,11
20241205,동남권,강남구,21,11
20241205,동남권,강동구,28,16
20241205,동북권,강북구,18,9
20241205,서남권,강서구,25,10
20241205,서남권,관악구,23,10
20241205,동북권,광진구,21,11
20241205,서남권,구로구,27,11
20241205,서남권,금천구,20,13
20241205,동북권,노원구,23,12
20241205,동북권,도봉구,20,10
20241205,동북권,동대문구,22,10
20241205,서남권,동작구,21,12
20241205,서북권,마포구,19,10
20241205,서북권,서대문구,21,10
20241205,동남권,서초구,29,12
20241205,동북권,성동구,21,9
20241205,동북권,성북구,21,9
20241205,동남권,송파구,24,11
20241205,서남권,양천구,20,11
20241205,서남권,영등포구,20,10
20241205,도심권,용산구,22,10
20241205,서북권,은평구,23,9
20241205,도심권,종로구,21,12
20241205,도심권,중구,16,9
20241205,동북권,중랑구,20,10
20241206,동남권,강남구,23,9
20241206,동남권,강동구,27,11
20241206,동북권,강북구,22,8
20241206,서남권,강서구,27,7
20241206,서남권,관악구,26,9
20241206,동북권,광진구,22,8
20241206,서남권,구로구,32,8
20241206,서남권,금천구,23,10
20241206,동북권,노원구,25,8
20241206,동북권,도봉구,25,7
20241206,동북권,동대문구,24,8
20241206,서남권,동작구,24,11
20241206,서북권,마포구,24,9
20241206,서북권,서대문구,27,9
20241206,동남권,서초구,31,9
20241206,동북권,성동구,23,8
20241206,동북권,성북구,23,6
20241206,동남권,송파구,27,9
20241206,서남권,양천구,26,10
20241206,서남권,영등포구,23,9
20241206,도심권,용산구,25,8
20241206,서북권,은평구,27,8
20241206,도심권,종로구,24,10
20241206,도심권,중구,19,9
20241206,동북권,중랑구,24,9
20241207,동남권,강남구,20,12
20241207,동남권,강동구,26,14
20241207,동북권,강북구,20,11
20241207,서남권,강서구,26,10
20241207,서남권,관악구,23,11
20241207,동북권,광진구,20,11
20241207,서남권,구로구,27,11
20241207,서남권,금천구,19,14
20241207,동북권,노원구,24,11
20241207,동북권,도봉구,18,10
20241207,동북권,동대문구,24,11
20241207,서남권,동작구,26,15
20241207,서북권,마포구,21,12
20241207,서북권,서대문구,23,12
20241207,동남권,서초구,27,12
20241207,동북권,성동구,21,11
20241207,동북권,성북구,19,10
20241207,동남권,송파구,23,11
20241207,서남권,양천구,22,13
20241207,서남권,영등포구,21,12
20241207,도심권,용산구,23,11
20241207,서북권,은평구,24,10
20241207,도심권,종로구,22,13
20241207,도심권,중구,18,11
20241207,동북권,중랑구,21,12
20241208,동남권,강남구,21,12
20241208,동남권,강동구,25,14
20241208,동북권,강북구,22,12
20241208,서남권,강서구,27,11
20241208,서남권,관악구,25,12
20241208,동북권,광진구,20,12
20241208,서남권,구로구,28,12
20241208,서남권,금천구,22,15
20241208,동북권,노원구,24,12
20241208,동북권,도봉구,21,10
20241208,동북권,동대문구,22,11
20241208,서남권,동작구,24,14
20241208,서북권,마포구,21,13
20241208,서북권,서대문구,23,12
20241208,동남권,서초구,25,11
20241208,동북권,성동구,21,11
20241208,동북권,성북구,20,10
20241208,동남권,송파구,24,11
20241208,서남권,양천구,24,14
20241208,서남권,영등포구,21,12
20241208,도심권,용산구,23,11
20241208,서북권,은평구,24,9
20241208,도심권,종로구,21,13
20241208,도심권,중구,18,12
20241208,동북권,중랑구,22,12
20241209,동남권,강남구,31,16
20241209,동남권,강동구,40,22
20241209,동북권,강북구,27,15
20241209,서남권,강서구,40,16
20241209,서남권,관악구,36,18
20241209,동북권,광진구,30,17
20241209,서남권,구로구,40,18
20241209,서남권,금천구,31,20
20241209,동북권,노원구,34,18
20241209,동북권,도봉구,30,16
20241209,동북권,동대문구,35,17
20241209,서남권,동작구,31,18
20241209,서북권,마포구,32,17
20241209,서북권,서대문구,34,18
20241209,동남권,서초구,40,17
20241209,동북권,성동구,31,15
20241209,동북권,성북구,29,17
20241209,동남권,송파구,33,16
20241209,서남권,양천구,34,20
20241209,서남권,영등포구,31,16
20241209,도심권,용산구,33,16
20241209,서북권,은평구,32,13
20241209,도심권,종로구,32,18
20241209,도심권,중구,28,18
20241209,동북권,중랑구,32,17
20241210,동남권,강남구,39,26
20241210,동남권,강동구,45,31
20241210,동북권,강북구,37,26
20241210,서남권,강서구,51,29
20241210,서남권,관악구,44,27
20241210,동북권,광진구,37,24
20241210,서남권,구로구,48,29
20241210,서남권,금천구,41,30
20241210,동북권,노원구,44,27
20241210,동북권,도봉구,38,27
20241210,동북권,동대문구,43,26
20241210,서남권,동작구,41,28
20241210,서북권,마포구,39,29
20241210,서북권,서대문구,39,24
20241210,동남권,서초구,49,28
20241210,동북권,성동구,40,24
20241210,동북권,성북구,37,25
20241210,동남권,송파구,40,24
20241210,서남권,양천구,45,33
20241210,서남권,영등포구,38,27
20241210,도심권,용산구,39,24
20241210,서북권,은평구,39,19
20241210,도심권,종로구,39,28
20241210,도심권,중구,35,27
20241210,동북권,중랑구,39,25
20241211,동남권,강남구,61,39
20241211,동남권,강동구,63,41
20241211,동북권,강북구,57,38
20241211,서남권,강서구,67,36
20241211,서남권,관악구,65,38
20241211,동북권,광진구,56,38
20241211,서남권,구로구,68,38
20241211,서남권,금천구,59,40
20241211,동북권,노원구,68,42
20241211,동북권,도봉구,58,36
20241211,동북권,동대문구,63,37
20241211,서남권,동작구,61,42
20241211,서북권,마포구,57,39
20241211,서북권,서대문구,57,34
20241211,동남권,서초구,70,38
20241211,동북권,성동구,62,36
20241211,동북권,성북구,53,36
20241211,동남권,송파구,61,35
20241211,서남권,양천구,66,44
20241211,서남권,영등포구,55,38
20241211,도심권,용산구,62,38
20241211,서북권,은평구,56,31
20241211,도심권,종로구,59,42
20241211,도심권,중구,55,42
20241211,동북권,중랑구,59,40
20241212,동남권,강남구,39,23
20241212,동남권,강동구,49,28
20241212,동북권,강북구,39,23
20241212,서남권,강서구,39,17
20241212,서남권,관악구,39,19
20241212,동북권,광진구,40,24
20241212,서남권,구로구,41,17
20241212,서남권,금천구,37,22
20241212,동북권,노원구,43,23
20241212,동북권,도봉구,38,21
20241212,동북권,동대문구,45,23
20241212,서남권,동작구,38,23
20241212,서북권,마포구,38,22
20241212,서북권,서대문구,42,22
20241212,동남권,서초구,44,19
20241212,동북권,성동구,41,22
20241212,동북권,성북구,36,20
20241212,동남권,송파구,43,23
20241212,서남권,양천구,37,22
20241212,서남권,영등포구,33,20
20241212,도심권,용산구,42,23
20241212,서북권,은평구,42,19
20241212,도심권,종로구,43,28
20241212,도심권,중구,36,26
20241212,동북권,중랑구,41,24
20241213,동남권,강남구,27,16
20241213,동남권,강동구,34,19
20241213,동북권,강북구,26,17
20241213,서남권,강서구,31,14
20241213,서남권,관악구,27,14
20241213,동북권,광진구,27,16
20241213,서남권,구로구,31,13
20241213,서남권,금천구,22,14
20241213,동북권,노원구,32,18
20241213,동북권,도봉구,28,15
20241213,동북권,동대문구,28,14
20241213,서남권,동작구,26,17
20241213,서북권,마포구,27,17
20241213,서북권,서대문구,28,15
20241213,동남권,서초구,33,15
20241213,동북권,성동구,26,15
20241213,동북권,성북구,23,13
20241213,동남권,송파구,29,16
20241213,서남권,양천구,26,17
20241213,서남권,영등포구,25,16
20241213,도심권,용산구,28,16
20241213,서북권,은평구,29,12
20241213,도심권,종로구,27,17
20241213,도심권,중구,24,16
20241213,동북권,중랑구,28,16
20241214,동남권,강남구,27,15
20241214,동남권,강동구,30,16
20241214,동북권,강북구,27,16
20241214,서남권,강서구,32,14
20241214,서남권,관악구,31,15
20241214,동북권,광진구,25,14
20241214,서남권,구로구,34,15
20241214,서남권,금천구,27,15
20241214,동북권,노원구,30,15
20241214,동북권,도봉구,26,14
20241214,동북권,동대문구,28,14
20241214,서남권,동작구,29,18
20241214,서북권,마포구,26,14
20241214,서북권,서대문구,29,16
20241214,동남권,서초구,31,14
20241214,동북권,성동구,26,13
20241214,동북권,성북구,23,13
20241214,동남권,송파구,30,15
20241214,서남권,양천구,29,18
20241214,서남권,영등포구,26,15
20241214,도심권,용산구,29,15
20241214,서북권,은평구,29,12
20241214,도심권,종로구,27,17
20241214,도심권,중구,23,16
20241214,동북권,중랑구,28,15
20241215,동남권,강남구,19,10
20241215,동남권,강동구,23,12
20241215,동북권,강북구,18,9
20241215,서남권,강서구,24,9
20241215,서남권,관악구,22,9
20241215,동북권,광진구,18,9
20241215,서남권,구로구,26,12
20241215,서남권,금천구,19,9
20241215,동북권,노원구,20,8
20241215,동북권,도봉구,19,9
20241215,동북권,동대문구,19,8
20241215,서남권,동작구,20,11
20241215,서북권,마포구,19,10
20241215,서북권,서대문구,22,12
20241215,동남권,서초구,23,9
20241215,동북권,성동구,18,8
20241215,동북권,성북구,16,8
20241215,동남권,송파구,21,9
20241215,서남권,양천구,21,12
20241215,서남권,영등포구,19,10
20241215,도심권,용산구,20,8
20241215,서북권,은평구,22,7
20241215,도심권,종로구,18,10
20241215,도심권,중구,16,10
20241215,동북권,중랑구,19,9
20241216,동남권,강남구,28,16
20241216,동남권,강동구,36,20
20241216,동북권,강북구,26,16
20241216,서남권,강서구,31,15
20241216,서남권,관악구,29,15
20241216,동북권,광진구,27,16
20241216,서남권,구로구,37,18
20241216,서남권,금천구,27,16
20241216,동북권,노원구,31,17
20241216,동북권,도봉구,27,15
20241216,동북권,동대문구,31,15
20241216,서남권,동작구,27,17
20241216,서북권,마포구,26,15
20241216,서북권,서대문구,29,18
20241216,동남권,서초구,36,17
20241216,동북권,성동구,29,15
20241216,동북권,성북구,28,15
20241216,동남권,송파구,28,15
20241216,서남권,양천구,29,18
20241216,서남권,영등포구,26,16
20241216,도심권,용산구,28,15
20241216,서북권,은평구,28,12
20241216,도심권,종로구,29,18
20241216,도심권,중구,24,16
20241216,동북권,중랑구,30,17
20241217,동남권,강남구,24,14
20241217,동남권,강동구,30,19
20241217,동북권,강북구,22,14
20241217,서남권,강서구,28,15
20241217,서남권,관악구,26,13
20241217,동북권,광진구,25,14
20241217,서남권,구로구,29,13
20241217,서남권,금천구,24,13
20241217,동북권,노원구,28,15
20241217,동북권,도봉구,21,12
20241217,동북권,동대문구,25,13
20241217,서남권,동작구,24,14
20241217,서북권,마포구,24,15
20241217,서북권,서대문구,25,15
20241217,동남권,서초구,29,13
20241217,동북권,성동구,24,13
20241217,동북권,성북구,21,12
20241217,동남권,송파구,27,14
20241217,서남권,양천구,24,15
20241217,서남권,영등포구,22,13
20241217,도심권,용산구,23,12
20241217,서북권,은평구,25,10
20241217,도심권,종로구,24,16
20241217,도심권,중구,22,16
20241217,동북권,중랑구,26,15
20241218,동남권,강남구,29,16
20241218,동남권,강동구,34,18
20241218,동북권,강북구,31,18
20241218,서남권,강서구,37,19
20241218,서남권,관악구,32,16
20241218,동북권,광진구,29,15
20241218,서남권,구로구,39,17
20241218,서남권,금천구,31,17
20241218,동북권,노원구,35,18
20241218,동북권,도봉구,30,15
20241218,동북권,동대문구,30,14
20241218,서남권,동작구,33,18
20241218,서북권,마포구,31,15
20241218,서북권,서대문구,32,17
20241218,동남권,서초구,37,15
20241218,동북권,성동구,30,15
20241218,동북권,성북구,27,14
20241218,동남권,송파구,31,15
20241218,서남권,양천구,34,20
20241218,서남권,영등포구,30,16
20241218,도심권,용산구,32,16
20241218,서북권,은평구,33,13
20241218,도심권,종로구,30,18
20241218,도심권,중구,28,18
20241218,동북권,중랑구,32,17
20241219,동남권,강남구,49,28
20241219,동남권,강동구,55,33
20241219,동북권,강북구,54,32
20241219,서남권,강서구,59,31
20241219,서남권,관악구,51,32
20241219,동북권,광진구,48,28
20241219,서남권,구로구,61,31
20241219,서남권,금천구,61,39
20241219,동북권,노원구,62,39
20241219,동북권,도봉구,53,31
20241219,동북권,동대문구,55,28
20241219,서남권,동작구,59,37
20241219,서북권,마포구,48,29
20241219,서북권,서대문구,50,27
20241219,동남권,서초구,59,29
20241219,동북권,성동구,48,24
20241219,동북권,성북구,51,28
20241219,동남권,송파구,52,28
20241219,서남권,양천구,57,35
20241219,서남권,영등포구,48,30
20241219,도심권,용산구,49,29
20241219,서북권,은평구,50,22
20241219,도심권,종로구,52,32
20241219,도심권,중구,45,31
20241219,동북권,중랑구,51,31
20241220,동남권,강남구,58,38
20241220,동남권,강동구,58,42
20241220,동북권,강북구,59,41
20241220,서남권,강서구,60,39
20241220,서남권,관악구,48,35
20241220,동북권,광진구,51,35
20241220,서남권,구로구,65,40
20241220,서남권,금천구,55,40
20241220,동북권,노원구,61,43
20241220,동북권,도봉구,54,37
20241220,동북권,동대문구,61,36
20241220,서남권,동작구,58,40
20241220,서북권,마포구,52,38
20241220,서북권,서대문구,57,39
20241220,동남권,서초구,66,41
20241220,동북권,성동구,57,33
20241220,동북권,성북구,54,36
20241220,동남권,송파구,57,35
20241220,서남권,양천구,61,42
20241220,서남권,영등포구,53,38
20241220,도심권,용산구,56,39
20241220,서북권,은평구,59,36
20241220,도심권,종로구,59,42
20241220,도심권,중구,56,44
20241220,동북권,중랑구,55,38
20241221,동남권,강남구,49,40
20241221,동남권,강동구,53,45
20241221,동북권,강북구,51,40
20241221,서남권,강서구,51,38
20241221,서남권,관악구,42,35
20241221,동북권,광진구,46,36
20241221,서남권,구로구,51,40
20241221,서남권,금천구,46,38
20241221,동북권,노원구,54,43
20241221,동북권,도봉구,49,39
20241221,동북권,동대문구,52,37
20241221,서남권,동작구,50,39
20241221,서북권,마포구,44,36
20241221,서북권,서대문구,50,40
20241221,동남권,서초구,51,39
20241221,동북권,성동구,48,32
20241221,동북권,성북구,45,37
20241221,동남권,송파구,47,34
20241221,서남권,양천구,49,42
20241221,서남권,영등포구,44,36
20241221,도심권,용산구,47,38
20241221,서북권,은평구,53,39
20241221,도심권,종로구,51,42
20241221,도심권,중구,49,43
20241221,동북권,중랑구,49,40
20241222,동남권,강남구,19,10
20241222,동남권,강동구,23,11
20241222,동북권,강북구,20,11
20241222,서남권,강서구,23,11
20241222,서남권,관악구,17,10
20241222,동북권,광진구,19,9
20241222,서남권,구로구,24,10
20241222,서남권,금천구,18,10
20241222,동북권,노원구,24,14
20241222,동북권,도봉구,18,9
20241222,동북권,동대문구,20,8
20241222,서남권,동작구,21,10
20241222,서북권,마포구,19,6
20241222,서북권,서대문구,23,12
20241222,동남권,서초구,23,9
20241222,동북권,성동구,,
20241222,동북권,성북구,16,8
20241222,동남권,송파구,22,10
20241222,서남권,양천구,20,11
20241222,서남권,영등포구,18,9
20241222,도심권,용산구,20,10
20241222,서북권,은평구,22,7
20241222,도심권,종로구,19,10
20241222,도심권,중구,17,10
20241222,동북권,중랑구,19,10
20241223,동남권,강남구,27,17
20241223,동남권,강동구,32,21
20241223,동북권,강북구,27,16
20241223,서남권,강서구,32,18
20241223,서남권,관악구,23,15
20241223,동북권,광진구,26,16
20241223,서남권,구로구,33,19
20241223,서남권,금천구,27,17
20241223,동북권,노원구,31,20
20241223,동북권,도봉구,26,15
20241223,동북권,동대문구,29,15
20241223,서남권,동작구,27,16
20241223,서북권,마포구,26,18
20241223,서북권,서대문구,27,17
20241223,동남권,서초구,36,19
20241223,동북권,성동구,28,14
20241223,동북권,성북구,21,14
20241223,동남권,송파구,28,15
20241223,서남권,양천구,29,19
20241223,서남권,영등포구,27,17
20241223,도심권,용산구,27,16
20241223,서북권,은평구,27,12
20241223,도심권,종로구,28,18
20241223,도심권,중구,25,18
20241223,동북권,중랑구,26,17
20241224,동남권,강남구,31,18
20241224,동남권,강동구,39,24
20241224,동북권,강북구,35,21
20241224,서남권,강서구,36,21
20241224,서남권,관악구,28,19
20241224,동북권,광진구,31,18
20241224,서남권,구로구,36,19
20241224,서남권,금천구,30,18
20241224,동북권,노원구,38,24
20241224,동북권,도봉구,32,19
20241224,동북권,동대문구,34,17
20241224,서남권,동작구,32,20
20241224,서북권,마포구,30,18
20241224,서북권,서대문구,37,20
20241224,동남권,서초구,37,18
20241224,동북권,성동구,31,16
20241224,동북권,성북구,30,18
20241224,동남권,송파구,34,18
20241224,서남권,양천구,32,21
20241224,서남권,영등포구,30,18
20241224,도심권,용산구,31,18
20241224,서북권,은평구,32,15
20241224,도심권,종로구,33,20
20241224,도심권,중구,29,20
20241224,동북권,중랑구,33,19
20241225,동남권,강남구,31,21
20241225,동남권,강동구,38,25
20241225,동북권,강북구,36,25
20241225,서남권,강서구,37,24
20241225,서남권,관악구,24,18
20241225,동북권,광진구,30,20
20241225,서남권,구로구,34,22
20241225,서남권,금천구,27,19
20241225,동북권,노원구,40,28
20241225,동북권,도봉구,35,24
20241225,동북권,동대문구,36,20
20241225,서남권,동작구,26,17
20241225,서북권,마포구,29,21
20241225,서북권,서대문구,35,23
20241225,동남권,서초구,32,20
20241225,동북권,성동구,31,18
20241225,동북권,성북구,30,21
20241225,동남권,송파구,29,16
20241225,서남권,양천구,32,24
20241225,서남권,영등포구,28,19
20241225,도심권,용산구,30,20
20241225,서북권,은평구,32,18
20241225,도심권,종로구,34,23
20241225,도심권,중구,30,23
20241225,동북권,중랑구,32,22
20241226,동남권,강남구,62,33
20241226,동남권,강동구,66,34
20241226,동북권,강북구,66,35
20241226,서남권,강서구,68,35
20241226,서남권,관악구,60,33
20241226,동북권,광진구,57,30
20241226,서남권,구로구,76,34
20241226,서남권,금천구,67,36
20241226,동북권,노원구,70,37
20241226,동북권,도봉구,64,33
20241226,동북권,동대문구,64,30
20241226,서남권,동작구,67,35
20241226,서북권,마포구,58,30
20241226,서북권,서대문구,69,32
20241226,동남권,서초구,74,34
20241226,동북권,성동구,60,28
20241226,동북권,성북구,60,31
20241226,동남권,송파구,63,30
20241226,서남권,양천구,70,40
20241226,서남권,영등포구,59,33
20241226,도심권,용산구,61,31
20241226,서북권,은평구,68,29
20241226,도심권,종로구,63,37
20241226,도심권,중구,56,34
20241226,동북권,중랑구,62,33
20241227,동남권,강남구,28,13
20241227,동남권,강동구,33,14
20241227,동북권,강북구,30,14
20241227,서남권,강서구,33,15
20241227,서남권,관악구,25,12
20241227,동북권,광진구,27,12
20241227,서남권,구로구,35,13
20241227,서남권,금천구,29,14
20241227,동북권,노원구,33,16
20241227,동북권,도봉구,28,12
20241227,동북권,동대문구,29,11
20241227,서남권,동작구,30,15
20241227,서북권,마포구,27,13
20241227,서북권,서대문구,32,13
20241227,동남권,서초구,35,12
20241227,동북권,성동구,28,11
20241227,동북권,성북구,26,11
20241227,동남권,송파구,32,13
20241227,서남권,양천구,31,16
20241227,서남권,영등포구,27,13
20241227,도심권,용산구,30,13
20241227,서북권,은평구,32,10
20241227,도심권,종로구,29,15
20241227,도심권,중구,24,14
20241227,동북권,중랑구,29,13
20241228,동남권,강남구,26,13
20241228,동남권,강동구,31,13
20241228,동북권,강북구,29,14
20241228,서남권,강서구,34,16
20241228,서남권,관악구,25,14
20241228,동북권,광진구,26,12
20241228,서남권,구로구,35,14
20241228,서남권,금천구,27,14
20241228,동북권,노원구,32,17
20241228,동북권,도봉구,28,12
20241228,동북권,동대문구,28,12
20241228,서남권,동작구,31,15
20241228,서북권,마포구,27,12
20241228,서북권,서대문구,33,14
20241228,동남권,서초구,36,13
20241228,동북권,성동구,27,12
20241228,동북권,성북구,24,12
20241228,동남권,송파구,30,13
20241228,서남권,양천구,30,16
20241228,서남권,영등포구,27,13
20241228,도심권,용산구,31,13
20241228,서북권,은평구,32,10
20241228,도심권,종로구,29,15
20241228,도심권,중구,24,14
20241228,동북권,중랑구,27,13
20241229,동남권,강남구,24,14
20241229,동남권,강동구,30,18
20241229,동북권,강북구,25,15
20241229,서남권,강서구,28,15
20241229,서남권,관악구,20,13
20241229,동북권,광진구,23,13
20241229,서남권,구로구,30,15
20241229,서남권,금천구,24,15
20241229,동북권,노원구,29,19
20241229,동북권,도봉구,25,16
20241229,동북권,동대문구,26,13
20241229,서남권,동작구,24,14
20241229,서북권,마포구,24,15
20241229,서북권,서대문구,26,15
20241229,동남권,서초구,27,14
20241229,동북권,성동구,24,12
20241229,동북권,성북구,22,14
20241229,동남권,송파구,25,14
20241229,서남권,양천구,24,16
20241229,서남권,영등포구,22,13
20241229,도심권,용산구,24,14
20241229,서북권,은평구,24,10
20241229,도심권,종로구,24,16
20241229,도심권,중구,22,15
20241229,동북권,중랑구,24,14
20241230,동남권,강남구,51,30
20241230,동남권,강동구,60,38
20241230,동북권,강북구,53,33
20241230,서남권,강서구,59,34
20241230,서남권,관악구,50,32
20241230,동북권,광진구,50,29
20241230,서남권,구로구,64,36
20241230,서남권,금천구,55,33
20241230,동북권,노원구,58,37
20241230,동북권,도봉구,56,33
20241230,동북권,동대문구,57,31
20241230,서남권,동작구,54,32
20241230,서북권,마포구,51,31
20241230,서북권,서대문구,57,33
20241230,동남권,서초구,64,35
20241230,동북권,성동구,51,26
20241230,동북권,성북구,51,31
20241230,동남권,송파구,49,26
20241230,서남권,양천구,56,35
20241230,서남권,영등포구,49,31
20241230,도심권,용산구,52,30
20241230,서북권,은평구,61,31
20241230,도심권,종로구,55,35
20241230,도심권,중구,48,34
20241230,동북권,중랑구,52,33
20241231,동남권,강남구,48,18
20241231,동남권,강동구,58,22
20241231,동북권,강북구,52,20
20241231,서남권,강서구,52,20
20241231,서남권,관악구,47,19
20241231,동북권,광진구,49,17
20241231,서남권,구로구,59,18
20241231,서남권,금천구,49,17
20241231,동북권,노원구,56,24
20241231,동북권,도봉구,52,18
20241231,동북권,동대문구,52,16
20241231,서남권,동작구,52,20
20241231,서북권,마포구,47,16
20241231,서북권,서대문구,57,18
20241231,동남권,서초구,60,18
20241231,동북권,성동구,49,16
20241231,동북권,성북구,46,17
20241231,동남권,송파구,53,17
20241231,서남권,양천구,52,19
20241231,서남권,영등포구,44,17
20241231,도심권,용산구,52,18
20241231,서북권,은평구,55,16
20241231,도심권,종로구,51,20
20241231,도심권,중구,42,19
20241231,동북권,중랑구,50,19
